{"stats":{"minecraft:crafted":{"minecraft:oak_planks":8,"minecraft:crafting_table":1,"minecraft:stick":8,"minecraft:iron_ingot":5,"minecraft:wooden_pickaxe":1,"minecraft:stone_sword":1,"minecraft:chest":1,"minecraft:acacia_planks":68,"minecraft:stone_axe":1},"minecraft:dropped":{"minecraft:string":1},"minecraft:killed_by":{"minecraft:zombie":1},"minecraft:picked_up":{"minecraft:stick":1,"minecraft:crafting_table":1,"minecraft:chicken":1,"minecraft:brown_wool":1,"minecraft:wooden_pickaxe":1,"minecraft:acacia_log":55,"minecraft:oak_log":2,"minecraft:shield":1,"minecraft:dirt":86,"minecraft:string":2,"minecraft:wheat_seeds":7,"minecraft:poppy":1,"minecraft:mutton":5,"minecraft:acacia_sapling":5,"minecraft:white_wool":2,"minecraft:cobblestone":22,"minecraft:egg":1},"minecraft:used":{"minecraft:stone_sword":13,"minecraft:poppy":1,"minecraft:chest":1,"minecraft:wooden_pickaxe":55,"minecraft:dirt":20,"minecraft:mutton":4,"minecraft:crafting_table":1,"minecraft:egg":1,"minecraft:acacia_sapling":3},"minecraft:killed":{"minecraft:sheep":3,"minecraft:chicken":1,"minecraft:spider":1},"minecraft:broken":{"minecraft:wooden_pickaxe":1},"minecraft:mined":{"minecraft:acacia_leaves":10,"minecraft:crafting_table":1,"minecraft:grass":28,"minecraft:acacia_log":51,"minecraft:grass_block":28,"minecraft:oak_log":2,"minecraft:dirt":66,"minecraft:tall_grass":1,"minecraft:stone":30},"minecraft:custom":{"minecraft:time_since_rest":4615,"minecraft:interact_with_furnace":3,"minecraft:sprint_one_cm":57556,"minecraft:damage_taken":425,"minecraft:walk_one_cm":77808,"minecraft:mob_kills":5,"minecraft:drop":1,"minecraft:damage_dealt":592,"minecraft:interact_with_crafting_table":7,"minecraft:fly_one_cm":107827,"minecraft:open_chest":8,"minecraft:play_time":25112,"minecraft:deaths":1,"minecraft:walk_under_water_one_cm":3479,"minecraft:jump":479,"minecraft:walk_on_water_one_cm":4187,"minecraft:time_since_death":4583,"minecraft:total_world_time":25112,"minecraft:fall_one_cm":15185}},"DataVersion":3465}