{"stats":{"minecraft:crafted":{"minecraft:oak_planks":8,"minecraft:cooked_chicken":1,"minecraft:stone_pickaxe":2,"minecraft:chest":3,"minecraft:stone_hoe":1,"minecraft:wheat":72,"minecraft:red_dye":1,"minecraft:crafting_table":1,"minecraft:wooden_pickaxe":1,"minecraft:iron_sword":1,"minecraft:stone_axe":1,"minecraft:orange_dye":2,"minecraft:bread":24,"minecraft:yellow_dye":1,"minecraft:stick":24,"minecraft:iron_ingot":5,"minecraft:stone_sword":1,"minecraft:white_bed":2,"minecraft:acacia_planks":100,"minecraft:orange_bed":2},"minecraft:killed_by":{"minecraft:player":1,"minecraft:creeper":2,"minecraft:skeleton":3,"minecraft:zombie":4},"minecraft:dropped":{"minecraft:stone_hoe":1,"minecraft:bread":12,"minecraft:moss_block":3,"minecraft:wheat_seeds":6,"minecraft:lapis_lazuli":1,"minecraft:cooked_porkchop":2,"minecraft:poisonous_potato":2,"minecraft:feather":3,"minecraft:torch":7,"minecraft:coast_armor_trim_smithing_template":2,"minecraft:gold_nugget":1,"minecraft:amethyst_shard":4,"minecraft:iron_pickaxe":1,"minecraft:paper":2,"minecraft:string":1,"minecraft:bone":2,"minecraft:compass":1,"minecraft:iron_nugget":13,"minecraft:stone_sword":2,"minecraft:raw_copper":9,"minecraft:raw_iron":7,"minecraft:experience_bottle":1,"minecraft:carrot":10,"minecraft:suspicious_stew":1,"minecraft:filled_map":2,"minecraft:shield":3,"minecraft:arrow":1,"minecraft:wooden_pickaxe":1,"minecraft:raw_gold":3,"minecraft:egg":2},"minecraft:picked_up":{"minecraft:iron_chestplate":2,"minecraft:crafting_table":1,"minecraft:chicken":1,"minecraft:suspicious_stew":1,"minecraft:wooden_pickaxe":3,"minecraft:shield":8,"minecraft:string":8,"minecraft:raw_copper":45,"minecraft:iron_leggings":3,"minecraft:compass":1,"minecraft:experience_bottle":1,"minecraft:gold_nugget":1,"minecraft:cobbled_deepslate":132,"minecraft:iron_nugget":13,"minecraft:poppy":2,"minecraft:iron_pickaxe":5,"minecraft:chest":1,"minecraft:iron_boots":3,"minecraft:egg":5,"minecraft:stick":9,"minecraft:raw_iron":58,"minecraft:torch":14,"minecraft:acacia_log":58,"minecraft:diorite":13,"minecraft:carrot":23,"minecraft:redstone":17,"minecraft:orange_bed":1,"minecraft:stone_sword":8,"minecraft:arrow":5,"minecraft:rotten_flesh":34,"minecraft:hay_block":8,"minecraft:mutton":5,"minecraft:cobblestone":203,"minecraft:white_wool":2,"minecraft:feather":3,"minecraft:glow_ink_sac":3,"minecraft:andesite":5,"minecraft:brown_wool":1,"minecraft:filled_map":2,"minecraft:tuff":12,"minecraft:oak_log":2,"minecraft:gunpowder":3,"minecraft:lapis_lazuli":145,"minecraft:paper":2,"minecraft:dirt":377,"minecraft:cooked_mutton":5,"minecraft:coast_armor_trim_smithing_template":2,"minecraft:bone":3,"minecraft:acacia_planks":38,"minecraft:wheat_seeds":39,"minecraft:raw_gold":4,"minecraft:stone_pickaxe":6,"minecraft:acacia_sapling":5,"minecraft:moss_block":3,"minecraft:stone_hoe":2,"minecraft:dandelion":1,"minecraft:poisonous_potato":2,"minecraft:gravel":1,"minecraft:amethyst_shard":4,"minecraft:stone_axe":5,"minecraft:iron_helmet":1,"minecraft:granite":63,"minecraft:bread":55,"minecraft:coal":76},"minecraft:used":{"minecraft:stone_sword":86,"minecraft:poppy":1,"minecraft:chest":4,"minecraft:stone_hoe":29,"minecraft:cooked_chicken":1,"minecraft:rotten_flesh":9,"minecraft:orange_bed":3,"minecraft:torch":10,"minecraft:dirt":75,"minecraft:mutton":4,"minecraft:carrot":12,"minecraft:acacia_sapling":3,"minecraft:granite":1,"minecraft:beetroot_seeds":1,"minecraft:egg":3,"minecraft:wheat_seeds":22,"minecraft:cooked_mutton":3,"minecraft:stone_pickaxe":146,"minecraft:wooden_pickaxe":106,"minecraft:crafting_table":1,"minecraft:bread":4,"minecraft:iron_pickaxe":197,"minecraft:stone_axe":39,"minecraft:cobblestone":22},"minecraft:killed":{"minecraft:spider":2,"minecraft:chicken":1,"minecraft:drowned":1,"minecraft:creeper":2,"minecraft:sheep":3,"minecraft:zombie":6,"minecraft:glow_squid":2,"minecraft:enderman":1},"minecraft:broken":{"minecraft:wooden_pickaxe":2,"minecraft:stone_pickaxe":1},"minecraft:mined":{"minecraft:tuff":12,"minecraft:granite":8,"minecraft:acacia_log":54,"minecraft:grass_block":128,"minecraft:hay_block":8,"minecraft:redstone_ore":4,"minecraft:carrots":5,"minecraft:iron_ore":49,"minecraft:fire":1,"minecraft:andesite":3,"minecraft:stone":130,"minecraft:orange_bed":1,"minecraft:acacia_leaves":11,"minecraft:amethyst_cluster":1,"minecraft:dandelion":1,"minecraft:crafting_table":1,"minecraft:torch":3,"minecraft:poppy":1,"minecraft:chest":1,"minecraft:tall_grass":2,"minecraft:copper_ore":10,"minecraft:cobblestone":1,"minecraft:lapis_ore":8,"minecraft:diorite":11,"minecraft:wall_torch":4,"minecraft:wheat":2,"minecraft:grass":153,"minecraft:oak_log":2,"minecraft:coal_ore":75,"minecraft:dirt":73,"minecraft:gold_ore":4,"minecraft:deepslate":47},"minecraft:custom":{"minecraft:mob_kills":19,"minecraft:interact_with_crafting_table":23,"minecraft:bell_ring":3,"minecraft:leave_game":1,"minecraft:time_since_death":8109,"minecraft:climb_one_cm":1764,"minecraft:sprint_one_cm":220071,"minecraft:walk_one_cm":315815,"minecraft:drop":35,"minecraft:talked_to_villager":3,"minecraft:play_time":108378,"minecraft:deaths":10,"minecraft:sneak_time":1387,"minecraft:walk_under_water_one_cm":37899,"minecraft:jump":1781,"minecraft:walk_on_water_one_cm":32209,"minecraft:total_world_time":108378,"minecraft:interact_with_furnace":26,"minecraft:sleep_in_bed":1,"minecraft:time_since_rest":8139,"minecraft:damage_taken":3154,"minecraft:damage_dealt":3418,"minecraft:swim_one_cm":29121,"minecraft:fly_one_cm":302348,"minecraft:player_kills":1,"minecraft:open_chest":43,"minecraft:crouch_one_cm":2174,"minecraft:fall_one_cm":57318}},"DataVersion":3465}