{"stats":{"minecraft:crafted":{"minecraft:oak_planks":8,"minecraft:cooked_chicken":1,"minecraft:stone_pickaxe":2,"minecraft:chest":3,"minecraft:stone_hoe":1,"minecraft:wheat":72,"minecraft:red_dye":1,"minecraft:crafting_table":1,"minecraft:wooden_pickaxe":1,"minecraft:stone_axe":1,"minecraft:orange_dye":2,"minecraft:bread":24,"minecraft:yellow_dye":1,"minecraft:stick":20,"minecraft:iron_ingot":5,"minecraft:stone_sword":1,"minecraft:white_bed":2,"minecraft:acacia_planks":100,"minecraft:orange_bed":2},"minecraft:killed_by":{"minecraft:player":1,"minecraft:creeper":2,"minecraft:skeleton":1,"minecraft:zombie":4},"minecraft:dropped":{"minecraft:stone_hoe":1,"minecraft:bread":12,"minecraft:moss_block":3,"minecraft:wheat_seeds":6,"minecraft:lapis_lazuli":1,"minecraft:cooked_porkchop":2,"minecraft:poisonous_potato":2,"minecraft:feather":3,"minecraft:torch":7,"minecraft:coast_armor_trim_smithing_template":2,"minecraft:gold_nugget":1,"minecraft:amethyst_shard":4,"minecraft:iron_pickaxe":1,"minecraft:paper":2,"minecraft:string":1,"minecraft:bone":2,"minecraft:compass":1,"minecraft:iron_nugget":13,"minecraft:stone_sword":1,"minecraft:raw_copper":9,"minecraft:raw_iron":7,"minecraft:experience_bottle":1,"minecraft:carrot":10,"minecraft:suspicious_stew":1,"minecraft:filled_map":2,"minecraft:arrow":1,"minecraft:wooden_pickaxe":1,"minecraft:raw_gold":3,"minecraft:egg":2},"minecraft:picked_up":{"minecraft:crafting_table":1,"minecraft:chicken":1,"minecraft:suspicious_stew":1,"minecraft:wooden_pickaxe":3,"minecraft:shield":4,"minecraft:string":4,"minecraft:raw_copper":31,"minecraft:iron_leggings":1,"minecraft:compass":1,"minecraft:experience_bottle":1,"minecraft:gold_nugget":1,"minecraft:cobbled_deepslate":44,"minecraft:iron_nugget":13,"minecraft:poppy":2,"minecraft:iron_pickaxe":3,"minecraft:chest":1,"minecraft:iron_boots":1,"minecraft:egg":5,"minecraft:stick":9,"minecraft:raw_iron":43,"minecraft:torch":10,"minecraft:acacia_log":58,"minecraft:diorite":13,"minecraft:carrot":23,"minecraft:orange_bed":1,"minecraft:stone_sword":7,"minecraft:arrow":1,"minecraft:rotten_flesh":22,"minecraft:hay_block":8,"minecraft:mutton":5,"minecraft:cobblestone":131,"minecraft:white_wool":2,"minecraft:feather":3,"minecraft:glow_ink_sac":3,"minecraft:andesite":3,"minecraft:brown_wool":1,"minecraft:filled_map":2,"minecraft:tuff":12,"minecraft:oak_log":2,"minecraft:gunpowder":3,"minecraft:lapis_lazuli":49,"minecraft:paper":2,"minecraft:dirt":377,"minecraft:cooked_mutton":5,"minecraft:coast_armor_trim_smithing_template":2,"minecraft:bone":2,"minecraft:acacia_planks":12,"minecraft:wheat_seeds":39,"minecraft:raw_gold":3,"minecraft:stone_pickaxe":6,"minecraft:acacia_sapling":5,"minecraft:moss_block":3,"minecraft:stone_hoe":2,"minecraft:dandelion":1,"minecraft:poisonous_potato":2,"minecraft:amethyst_shard":4,"minecraft:stone_axe":5,"minecraft:granite":37,"minecraft:bread":36,"minecraft:coal":59},"minecraft:used":{"minecraft:stone_sword":80,"minecraft:poppy":1,"minecraft:chest":4,"minecraft:stone_hoe":29,"minecraft:cooked_chicken":1,"minecraft:rotten_flesh":9,"minecraft:orange_bed":3,"minecraft:torch":8,"minecraft:dirt":75,"minecraft:mutton":4,"minecraft:carrot":12,"minecraft:acacia_sapling":3,"minecraft:granite":1,"minecraft:beetroot_seeds":1,"minecraft:egg":3,"minecraft:wheat_seeds":22,"minecraft:cooked_mutton":3,"minecraft:stone_pickaxe":146,"minecraft:wooden_pickaxe":106,"minecraft:crafting_table":1,"minecraft:bread":3,"minecraft:iron_pickaxe":149,"minecraft:stone_axe":39,"minecraft:cobblestone":22},"minecraft:killed":{"minecraft:spider":2,"minecraft:chicken":1,"minecraft:drowned":1,"minecraft:creeper":2,"minecraft:sheep":3,"minecraft:zombie":6,"minecraft:glow_squid":2},"minecraft:broken":{"minecraft:wooden_pickaxe":2,"minecraft:stone_pickaxe":1},"minecraft:mined":{"minecraft:tuff":12,"minecraft:granite":8,"minecraft:acacia_log":54,"minecraft:grass_block":128,"minecraft:hay_block":8,"minecraft:carrots":5,"minecraft:iron_ore":34,"minecraft:fire":1,"minecraft:andesite":3,"minecraft:stone":124,"minecraft:orange_bed":1,"minecraft:acacia_leaves":11,"minecraft:amethyst_cluster":1,"minecraft:dandelion":1,"minecraft:crafting_table":1,"minecraft:torch":2,"minecraft:poppy":1,"minecraft:chest":1,"minecraft:tall_grass":2,"minecraft:copper_ore":8,"minecraft:cobblestone":1,"minecraft:lapis_ore":8,"minecraft:diorite":11,"minecraft:wall_torch":3,"minecraft:wheat":2,"minecraft:grass":153,"minecraft:oak_log":2,"minecraft:coal_ore":56,"minecraft:dirt":73,"minecraft:gold_ore":3,"minecraft:deepslate":47},"minecraft:custom":{"minecraft:mob_kills":18,"minecraft:interact_with_crafting_table":20,"minecraft:bell_ring":3,"minecraft:leave_game":1,"minecraft:time_since_death":9848,"minecraft:climb_one_cm":1764,"minecraft:sprint_one_cm":200967,"minecraft:walk_one_cm":280466,"minecraft:drop":31,"minecraft:talked_to_villager":3,"minecraft:play_time":96378,"minecraft:deaths":8,"minecraft:sneak_time":892,"minecraft:walk_under_water_one_cm":37899,"minecraft:jump":1577,"minecraft:walk_on_water_one_cm":32157,"minecraft:total_world_time":96378,"minecraft:interact_with_furnace":24,"minecraft:sleep_in_bed":1,"minecraft:time_since_rest":9910,"minecraft:damage_taken":2680,"minecraft:damage_dealt":3048,"minecraft:swim_one_cm":29121,"minecraft:fly_one_cm":271346,"minecraft:player_kills":1,"minecraft:open_chest":42,"minecraft:crouch_one_cm":2038,"minecraft:fall_one_cm":49575}},"DataVersion":3465}