{"stats":{"minecraft:dropped":{"minecraft:stone_hoe":1,"minecraft:bread":40,"minecraft:iron_sword":1,"minecraft:moss_block":3,"minecraft:wheat_seeds":6,"minecraft:lapis_lazuli":1,"minecraft:cooked_porkchop":2,"minecraft:poisonous_potato":2,"minecraft:feather":3,"minecraft:cobblestone":1,"minecraft:lava_bucket":1,"minecraft:dirt":2,"minecraft:torch":7,"minecraft:coast_armor_trim_smithing_template":2,"minecraft:gold_nugget":1,"minecraft:amethyst_shard":4,"minecraft:iron_pickaxe":2,"minecraft:paper":2,"minecraft:string":1,"minecraft:bone":2,"minecraft:gravel":1,"minecraft:compass":1,"minecraft:iron_nugget":13,"minecraft:stone_sword":2,"minecraft:raw_copper":9,"minecraft:raw_iron":7,"minecraft:experience_bottle":1,"minecraft:oak_planks":64,"minecraft:carrot":10,"minecraft:suspicious_stew":1,"minecraft:filled_map":2,"minecraft:poppy":2,"minecraft:shield":4,"minecraft:golden_leggings":1,"minecraft:arrow":1,"minecraft:wooden_pickaxe":1,"minecraft:raw_gold":3,"minecraft:egg":2},"minecraft:broken":{"minecraft:wooden_pickaxe":2,"minecraft:stone_pickaxe":2,"minecraft:iron_pickaxe":1},"minecraft:used":{"minecraft:stone_sword":86,"minecraft:flint_and_steel":3,"minecraft:stone_shovel":107,"minecraft:poppy":1,"minecraft:chest":4,"minecraft:iron_sword":48,"minecraft:bell":7,"minecraft:cooked_chicken":1,"minecraft:rotten_flesh":15,"minecraft:stone_hoe":29,"minecraft:orange_bed":3,"minecraft:torch":12,"minecraft:dirt":164,"minecraft:mutton":4,"minecraft:cobblestone_wall":1,"minecraft:carrot":26,"minecraft:acacia_sapling":3,"minecraft:tuff":8,"minecraft:granite":15,"minecraft:bamboo":90,"minecraft:hay_block":1,"minecraft:furnace":1,"minecraft:beetroot_seeds":1,"minecraft:egg":4,"minecraft:cobbled_deepslate":21,"minecraft:iron_leggings":6,"minecraft:wheat_seeds":22,"minecraft:cooked_mutton":3,"minecraft:stone_pickaxe":281,"minecraft:wooden_pickaxe":106,"minecraft:crafting_table":3,"minecraft:white_bed":1,"minecraft:dripstone_block":2,"minecraft:bread":14,"minecraft:iron_pickaxe":299,"minecraft:gravel":1,"minecraft:golden_leggings":5,"minecraft:stone_axe":39,"minecraft:cobblestone":71,"minecraft:andesite":1,"minecraft:yellow_bed":1},"minecraft:picked_up":{"minecraft:crafting_table":2,"minecraft:iron_chestplate":5,"minecraft:wheat":3,"minecraft:chicken":1,"minecraft:suspicious_stew":1,"minecraft:wooden_pickaxe":3,"minecraft:shield":9,"minecraft:string":12,"minecraft:raw_copper":63,"minecraft:flint_and_steel":3,"minecraft:iron_leggings":7,"minecraft:compass":1,"minecraft:experience_bottle":1,"minecraft:gold_nugget":1,"minecraft:cobbled_deepslate":167,"minecraft:iron_nugget":13,"minecraft:poppy":5,"minecraft:iron_pickaxe":6,"minecraft:chest":1,"minecraft:furnace":1,"minecraft:iron_boots":7,"minecraft:egg":6,"minecraft:stick":9,"minecraft:raw_iron":91,"minecraft:torch":16,"minecraft:acacia_log":58,"minecraft:diorite":14,"minecraft:carrot":27,"minecraft:redstone":17,"minecraft:stone_shovel":3,"minecraft:orange_bed":1,"minecraft:stone_sword":8,"minecraft:arrow":8,"minecraft:rotten_flesh":82,"minecraft:hay_block":27,"minecraft:mutton":5,"minecraft:white_wool":2,"minecraft:cobblestone":437,"minecraft:feather":3,"minecraft:glow_ink_sac":3,"minecraft:andesite":5,"minecraft:brown_wool":1,"minecraft:golden_leggings":5,"minecraft:filled_map":2,"minecraft:tuff":21,"minecraft:oak_log":3,"minecraft:cobblestone_wall":108,"minecraft:yellow_bed":1,"minecraft:gunpowder":3,"minecraft:lapis_lazuli":249,"minecraft:paper":2,"minecraft:dirt":693,"minecraft:cooked_mutton":5,"minecraft:coast_armor_trim_smithing_template":2,"minecraft:bone":11,"minecraft:acacia_planks":38,"minecraft:bow":2,"minecraft:wheat_seeds":71,"minecraft:raw_gold":12,"minecraft:bell":8,"minecraft:iron_ingot":14,"minecraft:stone_pickaxe":6,"minecraft:oak_planks":320,"minecraft:iron_sword":4,"minecraft:bamboo":94,"minecraft:acacia_sapling":5,"minecraft:moss_block":3,"minecraft:stone_hoe":2,"minecraft:dandelion":5,"minecraft:lava_bucket":1,"minecraft:poisonous_potato":2,"minecraft:dripstone_block":3,"minecraft:gravel":8,"minecraft:amethyst_shard":4,"minecraft:white_bed":1,"minecraft:stone_axe":5,"minecraft:iron_helmet":4,"minecraft:granite":64,"minecraft:bread":121,"minecraft:coal":97},"minecraft:crafted":{"minecraft:oak_planks":12,"minecraft:stone_shovel":1,"minecraft:cooked_chicken":1,"minecraft:furnace":2,"minecraft:stone_pickaxe":3,"minecraft:cobblestone_wall":36,"minecraft:chest":3,"minecraft:stone_hoe":1,"minecraft:wheat":234,"minecraft:red_dye":1,"minecraft:crafting_table":3,"minecraft:wooden_pickaxe":1,"minecraft:iron_sword":1,"minecraft:stone_axe":1,"minecraft:orange_dye":2,"minecraft:bread":79,"minecraft:air":0,"minecraft:yellow_dye":1,"minecraft:stick":30,"minecraft:iron_ingot":28,"minecraft:iron_pickaxe":1,"minecraft:stone_sword":1,"minecraft:gold_ingot":8,"minecraft:white_bed":2,"minecraft:acacia_planks":100,"minecraft:orange_bed":2},"minecraft:custom":{"minecraft:mob_kills":24,"minecraft:interact_with_crafting_table":32,"minecraft:bell_ring":79,"minecraft:leave_game":2,"minecraft:time_since_death":2511,"minecraft:climb_one_cm":2410,"minecraft:sprint_one_cm":415067,"minecraft:walk_one_cm":541888,"minecraft:drop":48,"minecraft:talked_to_villager":5,"minecraft:play_time":188703,"minecraft:sneak_time":2901,"minecraft:deaths":18,"minecraft:walk_under_water_one_cm":47260,"minecraft:jump":3573,"minecraft:walk_on_water_one_cm":62172,"minecraft:total_world_time":188703,"minecraft:interact_with_furnace":31,"minecraft:sleep_in_bed":2,"minecraft:time_since_rest":2537,"minecraft:damage_taken":6152,"minecraft:damage_dealt":5341,"minecraft:swim_one_cm":30648,"minecraft:player_kills":1,"minecraft:fly_one_cm":630026,"minecraft:open_chest":51,"minecraft:crouch_one_cm":3564,"minecraft:fall_one_cm":129786},"minecraft:killed_by":{"minecraft:player":1,"minecraft:creeper":2,"minecraft:iron_golem":3,"minecraft:skeleton":4,"minecraft:zombie":4},"minecraft:mined":{"minecraft:tuff":21,"minecraft:white_bed":1,"minecraft:granite":9,"minecraft:acacia_log":54,"minecraft:grass_block":227,"minecraft:hay_block":8,"minecraft:redstone_ore":4,"minecraft:furnace":1,"minecraft:carrots":6,"minecraft:iron_ore":68,"minecraft:cobbled_deepslate":1,"minecraft:fire":5,"minecraft:andesite":3,"minecraft:deepslate_lapis_ore":14,"minecraft:bell":7,"minecraft:dirt_path":1,"minecraft:deepslate_iron_ore":14,"minecraft:bamboo":11,"minecraft:stone":226,"minecraft:orange_bed":1,"minecraft:acacia_leaves":11,"minecraft:amethyst_cluster":1,"minecraft:dandelion":1,"minecraft:crafting_table":2,"minecraft:torch":4,"minecraft:poppy":1,"minecraft:chest":1,"minecraft:tall_grass":5,"minecraft:copper_ore":14,"minecraft:cobblestone":8,"minecraft:lapis_ore":11,"minecraft:deepslate_gold_ore":8,"minecraft:diorite":12,"minecraft:wall_torch":5,"minecraft:wheat":5,"minecraft:yellow_bed":1,"minecraft:grass":156,"minecraft:oak_log":3,"minecraft:coal_ore":83,"minecraft:gravel":2,"minecraft:dripstone_block":3,"minecraft:dirt":97,"minecraft:gold_ore":4,"minecraft:deepslate":83},"minecraft:killed":{"minecraft:spider":4,"minecraft:skeleton":2,"minecraft:chicken":1,"minecraft:drowned":1,"minecraft:creeper":2,"minecraft:sheep":3,"minecraft:zombie":7,"minecraft:glow_squid":2,"minecraft:enderman":1}},"DataVersion":3465}