{"stats":{"minecraft:crafted":{"minecraft:acacia_planks":68,"minecraft:crafting_table":1,"minecraft:stick":4,"minecraft:wooden_pickaxe":1},"minecraft:picked_up":{"minecraft:stick":1,"minecraft:crafting_table":1,"minecraft:brown_wool":1,"minecraft:wheat_seeds":2,"minecraft:acacia_log":49,"minecraft:poppy":1,"minecraft:mutton":2,"minecraft:acacia_sapling":4,"minecraft:dirt":14,"minecraft:cobblestone":22},"minecraft:used":{"minecraft:crafting_table":1,"minecraft:poppy":1,"minecraft:acacia_sapling":3,"minecraft:wooden_pickaxe":48},"minecraft:killed":{"minecraft:sheep":1},"minecraft:mined":{"minecraft:grass":11,"minecraft:acacia_log":48,"minecraft:grass_block":13,"minecraft:acacia_leaves":10,"minecraft:dirt":2,"minecraft:tall_grass":1,"minecraft:stone":30,"minecraft:crafting_table":1},"minecraft:custom":{"minecraft:time_since_rest":13112,"minecraft:play_time":13112,"minecraft:sprint_one_cm":29504,"minecraft:damage_taken":20,"minecraft:walk_one_cm":27903,"minecraft:walk_under_water_one_cm":2513,"minecraft:mob_kills":1,"minecraft:jump":232,"minecraft:damage_dealt":114,"minecraft:time_since_death":13112,"minecraft:walk_on_water_one_cm":3611,"minecraft:total_world_time":13112,"minecraft:interact_with_crafting_table":2,"minecraft:fall_one_cm":9519,"minecraft:fly_one_cm":51311}},"DataVersion":3465}