{"stats":{"minecraft:crafted":{"minecraft:red_dye":1,"minecraft:oak_planks":8,"minecraft:crafting_table":1,"minecraft:cooked_chicken":1,"minecraft:wooden_pickaxe":1,"minecraft:stone_axe":1,"minecraft:orange_dye":2,"minecraft:yellow_dye":1,"minecraft:stick":20,"minecraft:iron_ingot":5,"minecraft:stone_pickaxe":2,"minecraft:stone_sword":1,"minecraft:chest":3,"minecraft:white_bed":2,"minecraft:acacia_planks":100,"minecraft:orange_bed":2,"minecraft:stone_hoe":1},"minecraft:killed_by":{"minecraft:player":1,"minecraft:skeleton":1,"minecraft:creeper":1,"minecraft:zombie":3},"minecraft:dropped":{"minecraft:stone_hoe":1,"minecraft:compass":1,"minecraft:moss_block":3,"minecraft:wheat_seeds":6,"minecraft:lapis_lazuli":1,"minecraft:iron_nugget":13,"minecraft:cooked_porkchop":2,"minecraft:experience_bottle":1,"minecraft:poisonous_potato":2,"minecraft:feather":3,"minecraft:carrot":10,"minecraft:suspicious_stew":1,"minecraft:filled_map":2,"minecraft:torch":7,"minecraft:coast_armor_trim_smithing_template":2,"minecraft:gold_nugget":1,"minecraft:arrow":1,"minecraft:wooden_pickaxe":1,"minecraft:iron_pickaxe":1,"minecraft:paper":2,"minecraft:string":1,"minecraft:egg":2,"minecraft:bone":2},"minecraft:picked_up":{"minecraft:crafting_table":1,"minecraft:glow_ink_sac":3,"minecraft:feather":3,"minecraft:andesite":2,"minecraft:chicken":1,"minecraft:suspicious_stew":1,"minecraft:brown_wool":1,"minecraft:wooden_pickaxe":3,"minecraft:filled_map":2,"minecraft:oak_log":2,"minecraft:shield":4,"minecraft:gunpowder":3,"minecraft:lapis_lazuli":1,"minecraft:dirt":375,"minecraft:string":2,"minecraft:paper":2,"minecraft:raw_copper":22,"minecraft:cooked_mutton":5,"minecraft:compass":1,"minecraft:bone":2,"minecraft:coast_armor_trim_smithing_template":2,"minecraft:experience_bottle":1,"minecraft:acacia_planks":12,"minecraft:wheat_seeds":39,"minecraft:gold_nugget":1,"minecraft:stone_pickaxe":6,"minecraft:iron_pickaxe":1,"minecraft:iron_nugget":13,"minecraft:poppy":2,"minecraft:moss_block":3,"minecraft:chest":1,"minecraft:stone_hoe":2,"minecraft:acacia_sapling":5,"minecraft:egg":5,"minecraft:stick":9,"minecraft:raw_iron":36,"minecraft:torch":6,"minecraft:acacia_log":58,"minecraft:dandelion":1,"minecraft:poisonous_potato":2,"minecraft:carrot":23,"minecraft:orange_bed":1,"minecraft:stone_sword":4,"minecraft:arrow":1,"minecraft:rotten_flesh":9,"minecraft:stone_axe":3,"minecraft:hay_block":8,"minecraft:granite":6,"minecraft:bread":12,"minecraft:mutton":5,"minecraft:coal":29,"minecraft:white_wool":2,"minecraft:cobblestone":110},"minecraft:used":{"minecraft:cooked_mutton":3,"minecraft:wheat_seeds":22,"minecraft:stone_sword":67,"minecraft:stone_pickaxe":146,"minecraft:poppy":1,"minecraft:chest":4,"minecraft:wooden_pickaxe":106,"minecraft:cooked_chicken":1,"minecraft:rotten_flesh":7,"minecraft:stone_hoe":29,"minecraft:torch":5,"minecraft:orange_bed":3,"minecraft:dirt":74,"minecraft:mutton":4,"minecraft:crafting_table":1,"minecraft:carrot":12,"minecraft:acacia_sapling":3,"minecraft:iron_pickaxe":4,"minecraft:bread":1,"minecraft:stone_axe":19,"minecraft:cobblestone":22,"minecraft:beetroot_seeds":1,"minecraft:egg":3},"minecraft:killed":{"minecraft:spider":2,"minecraft:creeper":1,"minecraft:sheep":3,"minecraft:zombie":3,"minecraft:chicken":1,"minecraft:drowned":1,"minecraft:glow_squid":2},"minecraft:broken":{"minecraft:stone_pickaxe":1,"minecraft:wooden_pickaxe":2},"minecraft:mined":{"minecraft:acacia_leaves":11,"minecraft:granite":6,"minecraft:dandelion":1,"minecraft:crafting_table":1,"minecraft:acacia_log":54,"minecraft:poppy":1,"minecraft:grass_block":128,"minecraft:chest":1,"minecraft:cobblestone":1,"minecraft:copper_ore":5,"minecraft:tall_grass":2,"minecraft:wall_torch":1,"minecraft:hay_block":8,"minecraft:carrots":5,"minecraft:fire":1,"minecraft:iron_ore":25,"minecraft:wheat":2,"minecraft:andesite":2,"minecraft:grass":153,"minecraft:coal_ore":26,"minecraft:oak_log":2,"minecraft:dirt":73,"minecraft:stone":107,"minecraft:orange_bed":1},"minecraft:custom":{"minecraft:interact_with_furnace":24,"minecraft:mob_kills":14,"minecraft:interact_with_crafting_table":18,"minecraft:bell_ring":3,"minecraft:leave_game":1,"minecraft:time_since_death":2516,"minecraft:sleep_in_bed":1,"minecraft:climb_one_cm":1764,"minecraft:time_since_rest":2547,"minecraft:sprint_one_cm":176330,"minecraft:damage_taken":1885,"minecraft:walk_one_cm":241564,"minecraft:drop":25,"minecraft:damage_dealt":2386,"minecraft:swim_one_cm":29121,"minecraft:talked_to_villager":3,"minecraft:fly_one_cm":251184,"minecraft:player_kills":1,"minecraft:open_chest":42,"minecraft:play_time":84378,"minecraft:crouch_one_cm":2038,"minecraft:sneak_time":892,"minecraft:deaths":6,"minecraft:walk_under_water_one_cm":37466,"minecraft:jump":1403,"minecraft:walk_on_water_one_cm":28983,"minecraft:total_world_time":84378,"minecraft:fall_one_cm":40838}},"DataVersion":3465}