{"stats":{"minecraft:crafted":{"minecraft:red_dye":1,"minecraft:oak_planks":8,"minecraft:crafting_table":1,"minecraft:wooden_pickaxe":1,"minecraft:cooked_chicken":1,"minecraft:stone_axe":1,"minecraft:orange_dye":2,"minecraft:yellow_dye":1,"minecraft:stick":20,"minecraft:iron_ingot":5,"minecraft:stone_pickaxe":1,"minecraft:stone_sword":1,"minecraft:chest":1,"minecraft:white_bed":2,"minecraft:acacia_planks":100,"minecraft:orange_bed":2,"minecraft:stone_hoe":1},"minecraft:killed_by":{"minecraft:player":1,"minecraft:creeper":1,"minecraft:zombie":2},"minecraft:dropped":{"minecraft:stone_hoe":1,"minecraft:compass":1,"minecraft:moss_block":3,"minecraft:wheat_seeds":6,"minecraft:lapis_lazuli":1,"minecraft:iron_nugget":13,"minecraft:cooked_porkchop":2,"minecraft:poisonous_potato":2,"minecraft:experience_bottle":1,"minecraft:feather":3,"minecraft:carrot":10,"minecraft:suspicious_stew":1,"minecraft:filled_map":2,"minecraft:torch":7,"minecraft:coast_armor_trim_smithing_template":2,"minecraft:gold_nugget":1,"minecraft:arrow":1,"minecraft:wooden_pickaxe":1,"minecraft:paper":2,"minecraft:string":1,"minecraft:egg":2,"minecraft:bone":2},"minecraft:picked_up":{"minecraft:crafting_table":1,"minecraft:feather":3,"minecraft:chicken":1,"minecraft:suspicious_stew":1,"minecraft:brown_wool":1,"minecraft:wooden_pickaxe":3,"minecraft:filled_map":2,"minecraft:oak_log":2,"minecraft:gunpowder":1,"minecraft:shield":4,"minecraft:string":2,"minecraft:lapis_lazuli":1,"minecraft:dirt":368,"minecraft:paper":2,"minecraft:raw_copper":22,"minecraft:cooked_mutton":5,"minecraft:experience_bottle":1,"minecraft:compass":1,"minecraft:coast_armor_trim_smithing_template":2,"minecraft:bone":2,"minecraft:wheat_seeds":39,"minecraft:gold_nugget":1,"minecraft:stone_pickaxe":3,"minecraft:iron_nugget":13,"minecraft:poppy":2,"minecraft:moss_block":3,"minecraft:stone_hoe":2,"minecraft:acacia_sapling":5,"minecraft:egg":5,"minecraft:stick":3,"minecraft:torch":5,"minecraft:acacia_log":58,"minecraft:dandelion":1,"minecraft:poisonous_potato":2,"minecraft:carrot":22,"minecraft:orange_bed":1,"minecraft:stone_sword":3,"minecraft:arrow":1,"minecraft:rotten_flesh":8,"minecraft:stone_axe":3,"minecraft:coal":29,"minecraft:mutton":5,"minecraft:white_wool":2,"minecraft:cobblestone":99},"minecraft:used":{"minecraft:cooked_mutton":3,"minecraft:wheat_seeds":22,"minecraft:stone_sword":25,"minecraft:stone_pickaxe":100,"minecraft:poppy":1,"minecraft:chest":1,"minecraft:wooden_pickaxe":106,"minecraft:stone_hoe":29,"minecraft:cooked_chicken":1,"minecraft:torch":5,"minecraft:orange_bed":3,"minecraft:dirt":22,"minecraft:mutton":4,"minecraft:crafting_table":1,"minecraft:carrot":12,"minecraft:acacia_sapling":3,"minecraft:stone_axe":19,"minecraft:cobblestone":5,"minecraft:egg":3},"minecraft:killed":{"minecraft:spider":1,"minecraft:creeper":1,"minecraft:sheep":3,"minecraft:zombie":2,"minecraft:chicken":1,"minecraft:drowned":1},"minecraft:broken":{"minecraft:wooden_pickaxe":2},"minecraft:mined":{"minecraft:acacia_leaves":11,"minecraft:dandelion":1,"minecraft:crafting_table":1,"minecraft:acacia_log":54,"minecraft:grass_block":126,"minecraft:poppy":1,"minecraft:copper_ore":5,"minecraft:tall_grass":2,"minecraft:wall_torch":1,"minecraft:carrots":4,"minecraft:fire":1,"minecraft:wheat":2,"minecraft:grass":153,"minecraft:coal_ore":26,"minecraft:oak_log":2,"minecraft:dirt":69,"minecraft:stone":97,"minecraft:orange_bed":1},"minecraft:custom":{"minecraft:interact_with_furnace":4,"minecraft:mob_kills":9,"minecraft:interact_with_crafting_table":13,"minecraft:sleep_in_bed":1,"minecraft:time_since_death":14181,"minecraft:time_since_rest":312,"minecraft:sprint_one_cm":134795,"minecraft:damage_taken":1270,"minecraft:walk_one_cm":169019,"minecraft:drop":24,"minecraft:damage_dealt":1349,"minecraft:swim_one_cm":28863,"minecraft:fly_one_cm":200128,"minecraft:player_kills":1,"minecraft:open_chest":21,"minecraft:play_time":61112,"minecraft:deaths":4,"minecraft:sneak_time":128,"minecraft:walk_under_water_one_cm":34434,"minecraft:jump":957,"minecraft:walk_on_water_one_cm":16870,"minecraft:total_world_time":61112,"minecraft:fall_one_cm":28938}},"DataVersion":3465}