{"stats":{"minecraft:crafted":{"minecraft:red_dye":1,"minecraft:oak_planks":8,"minecraft:crafting_table":1,"minecraft:wooden_pickaxe":1,"minecraft:cooked_chicken":1,"minecraft:stone_axe":1,"minecraft:orange_dye":2,"minecraft:yellow_dye":1,"minecraft:stick":12,"minecraft:iron_ingot":5,"minecraft:stone_pickaxe":1,"minecraft:stone_sword":1,"minecraft:chest":1,"minecraft:white_bed":2,"minecraft:acacia_planks":68,"minecraft:orange_bed":2,"minecraft:stone_hoe":1},"minecraft:killed_by":{"minecraft:player":1,"minecraft:zombie":1},"minecraft:dropped":{"minecraft:compass":1,"minecraft:moss_block":3,"minecraft:wheat_seeds":6,"minecraft:lapis_lazuli":1,"minecraft:iron_nugget":13,"minecraft:cooked_porkchop":2,"minecraft:poisonous_potato":2,"minecraft:experience_bottle":1,"minecraft:feather":3,"minecraft:carrot":10,"minecraft:suspicious_stew":1,"minecraft:filled_map":2,"minecraft:coast_armor_trim_smithing_template":2,"minecraft:gold_nugget":1,"minecraft:arrow":1,"minecraft:wooden_pickaxe":1,"minecraft:paper":2,"minecraft:string":1,"minecraft:egg":2,"minecraft:bone":2},"minecraft:picked_up":{"minecraft:crafting_table":1,"minecraft:feather":3,"minecraft:chicken":1,"minecraft:suspicious_stew":1,"minecraft:brown_wool":1,"minecraft:wooden_pickaxe":3,"minecraft:filled_map":2,"minecraft:oak_log":2,"minecraft:shield":2,"minecraft:string":2,"minecraft:lapis_lazuli":1,"minecraft:dirt":132,"minecraft:paper":2,"minecraft:experience_bottle":1,"minecraft:compass":1,"minecraft:coast_armor_trim_smithing_template":2,"minecraft:bone":2,"minecraft:wheat_seeds":13,"minecraft:gold_nugget":1,"minecraft:stone_pickaxe":1,"minecraft:iron_nugget":13,"minecraft:poppy":2,"minecraft:moss_block":3,"minecraft:acacia_sapling":5,"minecraft:egg":5,"minecraft:stick":1,"minecraft:acacia_log":58,"minecraft:dandelion":1,"minecraft:poisonous_potato":2,"minecraft:carrot":10,"minecraft:stone_sword":1,"minecraft:arrow":1,"minecraft:stone_axe":1,"minecraft:coal":2,"minecraft:mutton":5,"minecraft:white_wool":2,"minecraft:cobblestone":39},"minecraft:used":{"minecraft:stone_sword":13,"minecraft:stone_pickaxe":20,"minecraft:poppy":1,"minecraft:chest":1,"minecraft:wooden_pickaxe":102,"minecraft:stone_hoe":10,"minecraft:cooked_chicken":1,"minecraft:orange_bed":2,"minecraft:dirt":22,"minecraft:mutton":4,"minecraft:crafting_table":1,"minecraft:carrot":10,"minecraft:acacia_sapling":3,"minecraft:stone_axe":5,"minecraft:cobblestone":5,"minecraft:egg":3},"minecraft:killed":{"minecraft:spider":1,"minecraft:sheep":3,"minecraft:chicken":1},"minecraft:broken":{"minecraft:wooden_pickaxe":1},"minecraft:mined":{"minecraft:acacia_leaves":11,"minecraft:dandelion":1,"minecraft:crafting_table":1,"minecraft:acacia_log":54,"minecraft:grass_block":72,"minecraft:poppy":1,"minecraft:tall_grass":1,"minecraft:grass":34,"minecraft:coal_ore":2,"minecraft:oak_log":2,"minecraft:dirt":68,"minecraft:stone":47},"minecraft:custom":{"minecraft:interact_with_furnace":4,"minecraft:mob_kills":5,"minecraft:interact_with_crafting_table":13,"minecraft:time_since_death":6330,"minecraft:time_since_rest":6377,"minecraft:sprint_one_cm":82295,"minecraft:damage_taken":515,"minecraft:walk_one_cm":108006,"minecraft:drop":22,"minecraft:damage_dealt":617,"minecraft:swim_one_cm":1248,"minecraft:fly_one_cm":140887,"minecraft:player_kills":1,"minecraft:open_chest":15,"minecraft:play_time":37112,"minecraft:deaths":2,"minecraft:walk_under_water_one_cm":8350,"minecraft:jump":661,"minecraft:walk_on_water_one_cm":7405,"minecraft:total_world_time":37112,"minecraft:fall_one_cm":20435}},"DataVersion":3465}