{"stats":{"minecraft:dropped":{"minecraft:water_bucket":1,"minecraft:stone_hoe":2,"minecraft:iron_ingot":9,"minecraft:bread":40,"minecraft:iron_sword":2,"minecraft:moss_block":3,"minecraft:wheat_seeds":17,"minecraft:lapis_lazuli":1,"minecraft:ender_pearl":1,"minecraft:cooked_porkchop":2,"minecraft:poisonous_potato":2,"minecraft:feather":3,"minecraft:cobblestone":2,"minecraft:leather":1,"minecraft:acacia_log":13,"minecraft:coal":50,"minecraft:lava_bucket":2,"minecraft:dirt":2,"minecraft:diorite":1,"minecraft:brewing_stand":1,"minecraft:torch":20,"minecraft:coast_armor_trim_smithing_template":2,"minecraft:iron_leggings":2,"minecraft:gold_nugget":1,"minecraft:amethyst_shard":4,"minecraft:iron_pickaxe":3,"minecraft:paper":2,"minecraft:string":2,"minecraft:dandelion":1,"minecraft:bone":2,"minecraft:gravel":3,"minecraft:compass":1,"minecraft:iron_nugget":13,"minecraft:stone_sword":2,"minecraft:raw_copper":9,"minecraft:composter":2,"minecraft:raw_iron":7,"minecraft:experience_bottle":1,"minecraft:oak_planks":64,"minecraft:carrot":10,"minecraft:suspicious_stew":1,"minecraft:filled_map":2,"minecraft:poppy":5,"minecraft:shield":5,"minecraft:golden_leggings":2,"minecraft:wooden_pickaxe":1,"minecraft:arrow":5,"minecraft:raw_gold":3,"minecraft:egg":3},"minecraft:broken":{"minecraft:wooden_pickaxe":2,"minecraft:stone_pickaxe":2,"minecraft:iron_pickaxe":1,"minecraft:stone_shovel":1},"minecraft:used":{"minecraft:stone_sword":86,"minecraft:flint_and_steel":3,"minecraft:stone_shovel":137,"minecraft:poppy":1,"minecraft:chest":4,"minecraft:iron_sword":64,"minecraft:cooked_chicken":1,"minecraft:bell":7,"minecraft:rotten_flesh":23,"minecraft:stone_hoe":29,"minecraft:orange_bed":3,"minecraft:torch":12,"minecraft:dirt":331,"minecraft:mutton":4,"minecraft:cobblestone_wall":1,"minecraft:carrot":26,"minecraft:acacia_sapling":3,"minecraft:tuff":8,"minecraft:granite":15,"minecraft:bamboo":90,"minecraft:hay_block":1,"minecraft:furnace":1,"minecraft:beetroot_seeds":1,"minecraft:egg":4,"minecraft:cobbled_deepslate":21,"minecraft:iron_leggings":6,"minecraft:wheat_seeds":22,"minecraft:cooked_mutton":3,"minecraft:acacia_trapdoor":2,"minecraft:stone_pickaxe":281,"minecraft:wooden_pickaxe":106,"minecraft:crafting_table":3,"minecraft:white_bed":1,"minecraft:dripstone_block":2,"minecraft:bread":14,"minecraft:iron_pickaxe":299,"minecraft:gravel":1,"minecraft:golden_leggings":5,"minecraft:stone_axe":39,"minecraft:cobblestone":100,"minecraft:andesite":1,"minecraft:yellow_bed":1},"minecraft:picked_up":{"minecraft:crafting_table":2,"minecraft:iron_chestplate":5,"minecraft:wheat":3,"minecraft:chicken":1,"minecraft:suspicious_stew":1,"minecraft:wooden_pickaxe":3,"minecraft:brewing_stand":1,"minecraft:shield":10,"minecraft:string":12,"minecraft:raw_copper":63,"minecraft:flint_and_steel":4,"minecraft:iron_leggings":9,"minecraft:compass":1,"minecraft:experience_bottle":1,"minecraft:gold_nugget":1,"minecraft:cobbled_deepslate":167,"minecraft:iron_nugget":13,"minecraft:poppy":7,"minecraft:iron_pickaxe":7,"minecraft:chest":1,"minecraft:furnace":1,"minecraft:iron_boots":7,"minecraft:egg":7,"minecraft:stick":9,"minecraft:raw_iron":91,"minecraft:composter":2,"minecraft:torch":30,"minecraft:acacia_log":71,"minecraft:diorite":15,"minecraft:carrot":27,"minecraft:redstone":17,"minecraft:orange_bed":1,"minecraft:stone_sword":8,"minecraft:arrow":12,"minecraft:stone_shovel":3,"minecraft:rotten_flesh":86,"minecraft:hay_block":27,"minecraft:mutton":5,"minecraft:white_wool":2,"minecraft:cobblestone":437,"minecraft:feather":3,"minecraft:glow_ink_sac":3,"minecraft:water_bucket":1,"minecraft:andesite":5,"minecraft:brown_wool":1,"minecraft:leather":1,"minecraft:golden_leggings":6,"minecraft:filled_map":2,"minecraft:tuff":21,"minecraft:oak_log":3,"minecraft:yellow_bed":1,"minecraft:cobblestone_wall":108,"minecraft:gunpowder":3,"minecraft:lapis_lazuli":249,"minecraft:dirt":826,"minecraft:paper":2,"minecraft:cooked_mutton":5,"minecraft:coast_armor_trim_smithing_template":2,"minecraft:bone":11,"minecraft:acacia_planks":38,"minecraft:bow":2,"minecraft:acacia_trapdoor":2,"minecraft:wheat_seeds":79,"minecraft:raw_gold":12,"minecraft:bell":8,"minecraft:iron_ingot":14,"minecraft:stone_pickaxe":6,"minecraft:bamboo":94,"minecraft:moss_block":3,"minecraft:stone_hoe":3,"minecraft:iron_sword":5,"minecraft:oak_planks":320,"minecraft:acacia_sapling":5,"minecraft:dandelion":5,"minecraft:poisonous_potato":2,"minecraft:dripstone_block":3,"minecraft:gravel":8,"minecraft:lava_bucket":2,"minecraft:amethyst_shard":4,"minecraft:white_bed":1,"minecraft:stone_axe":5,"minecraft:iron_helmet":4,"minecraft:granite":64,"minecraft:bread":121,"minecraft:coal":147,"minecraft:ender_pearl":1},"minecraft:crafted":{"minecraft:oak_planks":12,"minecraft:stone_shovel":1,"minecraft:cooked_chicken":1,"minecraft:furnace":2,"minecraft:stone_pickaxe":3,"minecraft:cobblestone_wall":36,"minecraft:chest":3,"minecraft:stone_hoe":1,"minecraft:wheat":234,"minecraft:red_dye":1,"minecraft:crafting_table":3,"minecraft:wooden_pickaxe":1,"minecraft:iron_sword":1,"minecraft:stone_axe":1,"minecraft:orange_dye":2,"minecraft:bread":79,"minecraft:air":0,"minecraft:yellow_dye":1,"minecraft:stick":30,"minecraft:iron_ingot":28,"minecraft:iron_pickaxe":1,"minecraft:stone_sword":1,"minecraft:gold_ingot":8,"minecraft:white_bed":2,"minecraft:acacia_planks":100,"minecraft:orange_bed":2},"minecraft:custom":{"minecraft:mob_kills":28,"minecraft:interact_with_crafting_table":32,"minecraft:bell_ring":79,"minecraft:leave_game":4,"minecraft:time_since_death":27048,"minecraft:climb_one_cm":2410,"minecraft:sprint_one_cm":440173,"minecraft:walk_one_cm":610705,"minecraft:drop":88,"minecraft:talked_to_villager":5,"minecraft:play_time":213240,"minecraft:sneak_time":5360,"minecraft:deaths":18,"minecraft:walk_under_water_one_cm":47260,"minecraft:jump":3815,"minecraft:walk_on_water_one_cm":63371,"minecraft:total_world_time":213240,"minecraft:interact_with_furnace":31,"minecraft:sleep_in_bed":3,"minecraft:time_since_rest":4309,"minecraft:damage_taken":6472,"minecraft:damage_dealt":6053,"minecraft:swim_one_cm":30648,"minecraft:player_kills":1,"minecraft:fly_one_cm":656497,"minecraft:open_chest":51,"minecraft:crouch_one_cm":10379,"minecraft:fall_one_cm":135172},"minecraft:killed_by":{"minecraft:player":1,"minecraft:creeper":2,"minecraft:iron_golem":3,"minecraft:skeleton":4,"minecraft:zombie":4},"minecraft:mined":{"minecraft:tuff":21,"minecraft:white_bed":1,"minecraft:granite":9,"minecraft:acacia_log":54,"minecraft:grass_block":270,"minecraft:hay_block":8,"minecraft:redstone_ore":4,"minecraft:furnace":1,"minecraft:carrots":6,"minecraft:acacia_trapdoor":2,"minecraft:iron_ore":68,"minecraft:fire":5,"minecraft:cobbled_deepslate":1,"minecraft:andesite":3,"minecraft:deepslate_lapis_ore":14,"minecraft:bell":7,"minecraft:dirt_path":1,"minecraft:deepslate_iron_ore":14,"minecraft:bamboo":11,"minecraft:stone":226,"minecraft:orange_bed":1,"minecraft:acacia_leaves":11,"minecraft:amethyst_cluster":1,"minecraft:dandelion":1,"minecraft:crafting_table":2,"minecraft:torch":4,"minecraft:poppy":1,"minecraft:chest":1,"minecraft:copper_ore":14,"minecraft:tall_grass":5,"minecraft:cobblestone":8,"minecraft:deepslate_gold_ore":8,"minecraft:lapis_ore":11,"minecraft:wall_torch":5,"minecraft:diorite":12,"minecraft:wheat":5,"minecraft:yellow_bed":1,"minecraft:grass":158,"minecraft:oak_log":3,"minecraft:coal_ore":83,"minecraft:gravel":2,"minecraft:dripstone_block":3,"minecraft:dirt":141,"minecraft:gold_ore":4,"minecraft:deepslate":83},"minecraft:killed":{"minecraft:spider":4,"minecraft:skeleton":2,"minecraft:chicken":1,"minecraft:drowned":2,"minecraft:creeper":2,"minecraft:sheep":3,"minecraft:zombie":9,"minecraft:glow_squid":2,"minecraft:enderman":2}},"DataVersion":3465}