{"stats":{"minecraft:crafted":{"minecraft:shield":1,"minecraft:crafting_table":2,"minecraft:stick":4,"minecraft:iron_ingot":1,"minecraft:wooden_pickaxe":1,"minecraft:stone_pickaxe":1,"minecraft:acacia_door":3,"minecraft:furnace":1,"minecraft:acacia_planks":48,"minecraft:stone_axe":1},"minecraft:killed_by":{"minecraft:zombie":1},"minecraft:picked_up":{"minecraft:stick":4,"minecraft:crafting_table":2,"minecraft:raw_iron":8,"minecraft:cooked_porkchop":3,"minecraft:acacia_log":19,"minecraft:porkchop":1,"minecraft:dirt":4,"minecraft:acacia_door":1,"minecraft:cooked_mutton":5,"minecraft:wheat_seeds":32,"minecraft:egg":1,"minecraft:white_wool":4,"minecraft:cobblestone":41,"minecraft:furnace":1},"minecraft:used":{"minecraft:cooked_mutton":2,"minecraft:acacia_door":2,"minecraft:flint_and_steel":7,"minecraft:stone_pickaxe":25,"minecraft:wooden_pickaxe":14,"minecraft:golden_helmet":1,"minecraft:stone_axe":26,"minecraft:dirt":4,"minecraft:cobblestone":1,"minecraft:crafting_table":4,"minecraft:porkchop":1,"minecraft:furnace":1},"minecraft:killed":{"minecraft:sheep":4,"minecraft:pig":2,"minecraft:zombie":2},"minecraft:mined":{"minecraft:acacia_leaves":3,"minecraft:furnace":1,"minecraft:iron_ore":5,"minecraft:fire":6,"minecraft:crafting_table":2,"minecraft:grass":271,"minecraft:acacia_log":20,"minecraft:grass_block":1,"minecraft:poppy":1,"minecraft:acacia_door":1,"minecraft:dirt":4,"minecraft:tall_grass":30,"minecraft:stone":33},"minecraft:custom":{"minecraft:time_since_rest":17071,"minecraft:interact_with_furnace":1,"minecraft:sprint_one_cm":39986,"minecraft:damage_taken":388,"minecraft:walk_one_cm":72323,"minecraft:mob_kills":8,"minecraft:damage_dealt":803,"minecraft:swim_one_cm":8676,"minecraft:interact_with_crafting_table":8,"minecraft:fly_one_cm":39845,"minecraft:open_chest":1,"minecraft:crouch_one_cm":692,"minecraft:play_time":22279,"minecraft:deaths":1,"minecraft:sneak_time":424,"minecraft:walk_under_water_one_cm":11413,"minecraft:jump":413,"minecraft:walk_on_water_one_cm":873,"minecraft:time_since_death":17040,"minecraft:total_world_time":22279,"minecraft:fall_one_cm":7379}},"DataVersion":3465}