{"stats":{"minecraft:dropped":{"minecraft:water_bucket":1,"minecraft:bread":12,"minecraft:iron_sword":1,"minecraft:lapis_lazuli":48,"minecraft:cobblestone":14,"minecraft:iron_helmet":1,"minecraft:amethyst_block":1,"minecraft:flint":1,"minecraft:torch":3,"minecraft:iron_leggings":1,"minecraft:iron_pickaxe":2,"minecraft:string":2,"minecraft:acacia_planks":26,"minecraft:stone_axe":1,"minecraft:stone_sword":2,"minecraft:raw_iron":11,"minecraft:iron_boots":1,"minecraft:cooked_mutton":2,"minecraft:carrot":10,"minecraft:filled_map":1,"minecraft:poppy":2,"minecraft:shield":4,"minecraft:iron_chestplate":3,"minecraft:beetroot_seeds":2,"minecraft:stone_pickaxe":1,"minecraft:wooden_pickaxe":1,"minecraft:egg":2},"minecraft:broken":{"minecraft:stone_sword":1,"minecraft:stone_pickaxe":1,"minecraft:shield":2,"minecraft:stone_axe":3},"minecraft:used":{"minecraft:oak_fence":2,"minecraft:stone_sword":55,"minecraft:flint_and_steel":20,"minecraft:poppy":3,"minecraft:chest":3,"minecraft:shield":123,"minecraft:iron_sword":231,"minecraft:orange_bed":1,"minecraft:bell":2,"minecraft:rotten_flesh":8,"minecraft:stone_hoe":27,"minecraft:iron_chestplate":3,"minecraft:torch":412,"minecraft:dirt":80,"minecraft:mutton":1,"minecraft:carrot":6,"minecraft:tuff":16,"minecraft:granite":3,"minecraft:lava_bucket":6,"minecraft:iron_helmet":2,"minecraft:bow":3,"minecraft:furnace":5,"minecraft:beetroot_seeds":2,"minecraft:egg":7,"minecraft:cooked_beef":2,"minecraft:cobbled_deepslate":43,"minecraft:iron_leggings":5,"minecraft:calcite":6,"minecraft:wheat_seeds":14,"minecraft:cooked_mutton":2,"minecraft:water_bucket":2,"minecraft:diorite":14,"minecraft:acacia_boat":3,"minecraft:stone_pickaxe":215,"minecraft:oak_planks":2,"minecraft:wooden_pickaxe":15,"minecraft:sugar_cane":3,"minecraft:glow_berries":2,"minecraft:crafting_table":9,"minecraft:white_bed":6,"minecraft:dripstone_block":7,"minecraft:acacia_door":9,"minecraft:bread":36,"minecraft:iron_pickaxe":191,"minecraft:gravel":6,"minecraft:stone_axe":292,"minecraft:golden_helmet":1,"minecraft:fire_charge":1,"minecraft:cobblestone":48,"minecraft:porkchop":1,"minecraft:cooked_porkchop":4,"minecraft:andesite":3,"minecraft:bucket":10,"minecraft:yellow_bed":4},"minecraft:picked_up":{"minecraft:iron_chestplate":9,"minecraft:crafting_table":7,"minecraft:wheat":2,"minecraft:suspicious_stew":1,"minecraft:wooden_pickaxe":1,"minecraft:brewing_stand":4,"minecraft:shield":19,"minecraft:amethyst_block":1,"minecraft:string":67,"minecraft:raw_copper":9,"minecraft:acacia_door":6,"minecraft:flint_and_steel":6,"minecraft:iron_leggings":9,"minecraft:compass":1,"minecraft:experience_bottle":1,"minecraft:beetroot":1,"minecraft:gold_nugget":1,"minecraft:cobbled_deepslate":82,"minecraft:calcite":6,"minecraft:iron_nugget":18,"minecraft:poppy":7,"minecraft:iron_pickaxe":17,"minecraft:sugar_cane":3,"minecraft:furnace":2,"minecraft:iron_boots":3,"minecraft:egg":14,"minecraft:golden_helmet":1,"minecraft:stick":21,"minecraft:raw_iron":121,"minecraft:composter":14,"minecraft:oak_fence":2,"minecraft:torch":136,"minecraft:acacia_log":110,"minecraft:porkchop":1,"minecraft:pointed_dripstone":68,"minecraft:diorite":21,"minecraft:carrot":38,"minecraft:orange_bed":1,"minecraft:stone_sword":4,"minecraft:arrow":55,"minecraft:rotten_flesh":159,"minecraft:beetroot_seeds":7,"minecraft:hay_block":33,"minecraft:glow_berries":3,"minecraft:white_wool":4,"minecraft:cobblestone":222,"minecraft:feather":5,"minecraft:cooked_beef":3,"minecraft:glow_ink_sac":3,"minecraft:water_bucket":4,"minecraft:andesite":6,"minecraft:leather":7,"minecraft:filled_map":2,"minecraft:flint":3,"minecraft:tuff":19,"minecraft:yellow_bed":4,"minecraft:gunpowder":7,"minecraft:acacia_boat":2,"minecraft:paper":2,"minecraft:lapis_lazuli":103,"minecraft:dirt":257,"minecraft:cooked_mutton":10,"minecraft:coast_armor_trim_smithing_template":2,"minecraft:bone":76,"minecraft:acacia_planks":176,"minecraft:bow":4,"minecraft:wheat_seeds":125,"minecraft:raw_gold":47,"minecraft:bell":2,"minecraft:iron_ingot":168,"minecraft:stone_pickaxe":6,"minecraft:cooked_chicken":1,"minecraft:moss_block":3,"minecraft:stone_hoe":7,"minecraft:iron_sword":8,"minecraft:oak_planks":82,"minecraft:cooked_porkchop":28,"minecraft:pumpkin":11,"minecraft:dandelion":2,"minecraft:poisonous_potato":2,"minecraft:dripstone_block":14,"minecraft:gravel":14,"minecraft:lava_bucket":5,"minecraft:amethyst_shard":12,"minecraft:white_bed":6,"minecraft:spider_eye":4,"minecraft:diamond":10,"minecraft:stone_axe":4,"minecraft:iron_helmet":6,"minecraft:granite":3,"minecraft:golden_apple":1,"minecraft:bread":220,"minecraft:coal":333,"minecraft:ender_pearl":2},"minecraft:crafted":{"minecraft:furnace":3,"minecraft:flint_and_steel":1,"minecraft:iron_boots":2,"minecraft:stone_pickaxe":2,"minecraft:chest":3,"minecraft:wheat":72,"minecraft:crafting_table":3,"minecraft:acacia_slab":6,"minecraft:wooden_pickaxe":1,"minecraft:iron_helmet":3,"minecraft:iron_sword":2,"minecraft:bucket":2,"minecraft:stone_axe":3,"minecraft:bread":24,"minecraft:acacia_boat":2,"minecraft:air":0,"minecraft:iron_chestplate":3,"minecraft:charcoal":4,"minecraft:shield":4,"minecraft:stick":104,"minecraft:iron_ingot":111,"minecraft:iron_pickaxe":3,"minecraft:iron_leggings":3,"minecraft:acacia_door":3,"minecraft:gold_ingot":3,"minecraft:acacia_planks":148,"minecraft:torch":388},"minecraft:custom":{"minecraft:mob_kills":111,"minecraft:interact_with_crafting_table":60,"minecraft:bell_ring":44,"minecraft:leave_game":5,"minecraft:time_since_death":3260,"minecraft:climb_one_cm":318,"minecraft:sprint_one_cm":452118,"minecraft:walk_one_cm":1101300,"minecraft:damage_blocked_by_shield":8130,"minecraft:drop":46,"minecraft:talked_to_villager":7,"minecraft:play_time":262382,"minecraft:sneak_time":17762,"minecraft:deaths":16,"minecraft:walk_under_water_one_cm":132779,"minecraft:boat_one_cm":550,"minecraft:jump":3786,"minecraft:walk_on_water_one_cm":55053,"minecraft:total_world_time":262382,"minecraft:interact_with_furnace":120,"minecraft:sleep_in_bed":4,"minecraft:time_since_rest":3289,"minecraft:damage_taken":6900,"minecraft:damage_dealt":19227,"minecraft:player_kills":1,"minecraft:swim_one_cm":69239,"minecraft:fly_one_cm":626789,"minecraft:open_chest":79,"minecraft:crouch_one_cm":44957,"minecraft:fall_one_cm":76976},"minecraft:killed_by":{"minecraft:player":1,"minecraft:enderman":1,"minecraft:skeleton":8,"minecraft:zombie":5},"minecraft:mined":{"minecraft:tuff":7,"minecraft:white_bed":6,"minecraft:deepslate_diamond_ore":9,"minecraft:brewing_stand":1,"minecraft:acacia_log":30,"minecraft:grass_block":31,"minecraft:composter":2,"minecraft:oxeye_daisy":1,"minecraft:hay_block":34,"minecraft:tall_seagrass":1,"minecraft:furnace":2,"minecraft:carrots":11,"minecraft:iron_ore":54,"minecraft:cobbled_deepslate":2,"minecraft:fire":21,"minecraft:andesite":4,"minecraft:pumpkin":13,"minecraft:deepslate_lapis_ore":4,"minecraft:bell":1,"minecraft:pointed_dripstone":13,"minecraft:deepslate_iron_ore":21,"minecraft:stone":84,"minecraft:orange_bed":1,"minecraft:acacia_leaves":3,"minecraft:kelp_plant":5,"minecraft:amethyst_cluster":2,"minecraft:oak_fence":2,"minecraft:crafting_table":6,"minecraft:torch":4,"minecraft:calcite":6,"minecraft:poppy":2,"minecraft:tall_grass":82,"minecraft:cobblestone":3,"minecraft:deepslate_gold_ore":22,"minecraft:oak_planks":71,"minecraft:sugar_cane":3,"minecraft:wall_torch":3,"minecraft:diorite":4,"minecraft:amethyst_block":2,"minecraft:seagrass":3,"minecraft:wheat":21,"minecraft:yellow_bed":4,"minecraft:grass":621,"minecraft:coal_ore":96,"minecraft:beetroots":1,"minecraft:gravel":10,"minecraft:dirt":44,"minecraft:dripstone_block":7,"minecraft:acacia_door":6,"minecraft:cobweb":32,"minecraft:deepslate":60},"minecraft:killed":{"minecraft:cave_spider":3,"minecraft:spider":8,"minecraft:skeleton":22,"minecraft:chicken":1,"minecraft:drowned":1,"minecraft:pig":4,"minecraft:iron_golem":2,"minecraft:creeper":3,"minecraft:sheep":4,"minecraft:zombie":53,"minecraft:enderman":1,"minecraft:cow":2}},"DataVersion":3465}