{"stats":{"minecraft:crafted":{"minecraft:crafting_table":3,"minecraft:acacia_slab":6,"minecraft:wooden_pickaxe":1,"minecraft:furnace":1,"minecraft:stone_axe":2,"minecraft:air":0,"minecraft:charcoal":4,"minecraft:shield":1,"minecraft:stick":12,"minecraft:iron_ingot":3,"minecraft:stone_pickaxe":2,"minecraft:chest":1,"minecraft:acacia_door":3,"minecraft:acacia_planks":104,"minecraft:torch":36},"minecraft:killed_by":{"minecraft:player":1,"minecraft:skeleton":3,"minecraft:zombie":1},"minecraft:dropped":{"minecraft:stone_axe":1,"minecraft:stone_sword":1,"minecraft:cooked_mutton":2,"minecraft:carrot":10,"minecraft:filled_map":1,"minecraft:shield":3,"minecraft:wooden_pickaxe":1,"minecraft:egg":2},"minecraft:picked_up":{"minecraft:crafting_table":5,"minecraft:feather":5,"minecraft:cooked_beef":1,"minecraft:suspicious_stew":1,"minecraft:wooden_pickaxe":1,"minecraft:filled_map":2,"minecraft:shield":3,"minecraft:lapis_lazuli":1,"minecraft:string":1,"minecraft:dirt":109,"minecraft:paper":2,"minecraft:acacia_door":6,"minecraft:flint_and_steel":1,"minecraft:compass":1,"minecraft:cooked_mutton":10,"minecraft:experience_bottle":1,"minecraft:coast_armor_trim_smithing_template":2,"minecraft:bone":5,"minecraft:acacia_planks":44,"minecraft:wheat_seeds":88,"minecraft:gold_nugget":1,"minecraft:cooked_chicken":1,"minecraft:stone_pickaxe":1,"minecraft:iron_nugget":18,"minecraft:poppy":1,"minecraft:moss_block":3,"minecraft:stone_hoe":1,"minecraft:furnace":1,"minecraft:egg":9,"minecraft:golden_helmet":1,"minecraft:raw_iron":8,"minecraft:stick":9,"minecraft:cooked_porkchop":16,"minecraft:torch":20,"minecraft:acacia_log":32,"minecraft:poisonous_potato":2,"minecraft:porkchop":1,"minecraft:carrot":21,"minecraft:orange_bed":1,"minecraft:stone_sword":1,"minecraft:arrow":3,"minecraft:rotten_flesh":3,"minecraft:stone_axe":2,"minecraft:coal":85,"minecraft:white_wool":4,"minecraft:cobblestone":75},"minecraft:used":{"minecraft:wheat_seeds":14,"minecraft:cooked_mutton":2,"minecraft:flint_and_steel":15,"minecraft:stone_pickaxe":117,"minecraft:chest":1,"minecraft:wooden_pickaxe":15,"minecraft:shield":6,"minecraft:stone_hoe":25,"minecraft:orange_bed":1,"minecraft:torch":11,"minecraft:dirt":25,"minecraft:crafting_table":5,"minecraft:carrot":1,"minecraft:acacia_door":9,"minecraft:golden_helmet":1,"minecraft:stone_axe":122,"minecraft:cobblestone":7,"minecraft:furnace":2,"minecraft:porkchop":1,"minecraft:cooked_porkchop":3,"minecraft:egg":7},"minecraft:killed":{"minecraft:pig":4,"minecraft:sheep":4,"minecraft:skeleton":3,"minecraft:zombie":3,"minecraft:chicken":1,"minecraft:drowned":1,"minecraft:cow":1},"minecraft:mined":{"minecraft:acacia_leaves":3,"minecraft:kelp_plant":5,"minecraft:crafting_table":4,"minecraft:acacia_log":30,"minecraft:grass_block":19,"minecraft:poppy":2,"minecraft:tall_grass":62,"minecraft:seagrass":2,"minecraft:tall_seagrass":1,"minecraft:carrots":8,"minecraft:furnace":1,"minecraft:wheat":18,"minecraft:fire":13,"minecraft:iron_ore":5,"minecraft:grass":558,"minecraft:coal_ore":65,"minecraft:acacia_door":6,"minecraft:dirt":29,"minecraft:stone":58,"minecraft:orange_bed":1},"minecraft:custom":{"minecraft:interact_with_furnace":17,"minecraft:mob_kills":19,"minecraft:interact_with_crafting_table":18,"minecraft:time_since_death":21105,"minecraft:sleep_in_bed":2,"minecraft:time_since_rest":312,"minecraft:sprint_one_cm":157173,"minecraft:damage_taken":1607,"minecraft:walk_one_cm":175935,"minecraft:damage_blocked_by_shield":360,"minecraft:drop":20,"minecraft:damage_dealt":2347,"minecraft:swim_one_cm":69239,"minecraft:fly_one_cm":292710,"minecraft:player_kills":1,"minecraft:open_chest":25,"minecraft:crouch_one_cm":2373,"minecraft:play_time":70279,"minecraft:deaths":5,"minecraft:sneak_time":2419,"minecraft:walk_under_water_one_cm":109409,"minecraft:jump":996,"minecraft:walk_on_water_one_cm":19926,"minecraft:total_world_time":70279,"minecraft:fall_one_cm":20631}},"DataVersion":3465}