{"stats":{"minecraft:crafted":{"minecraft:furnace":3,"minecraft:iron_boots":2,"minecraft:stone_pickaxe":2,"minecraft:chest":3,"minecraft:wheat":72,"minecraft:crafting_table":3,"minecraft:acacia_slab":6,"minecraft:wooden_pickaxe":1,"minecraft:iron_helmet":2,"minecraft:iron_sword":1,"minecraft:bucket":1,"minecraft:stone_axe":3,"minecraft:bread":24,"minecraft:air":0,"minecraft:iron_chestplate":2,"minecraft:charcoal":4,"minecraft:shield":4,"minecraft:stick":96,"minecraft:iron_ingot":64,"minecraft:iron_pickaxe":2,"minecraft:iron_leggings":2,"minecraft:acacia_door":3,"minecraft:gold_ingot":3,"minecraft:acacia_planks":128,"minecraft:torch":368},"minecraft:killed_by":{"minecraft:player":1,"minecraft:skeleton":5,"minecraft:zombie":1},"minecraft:dropped":{"minecraft:bread":12,"minecraft:lapis_lazuli":48,"minecraft:iron_helmet":1,"minecraft:cobblestone":14,"minecraft:amethyst_block":1,"minecraft:flint":1,"minecraft:torch":3,"minecraft:iron_leggings":1,"minecraft:iron_pickaxe":2,"minecraft:string":2,"minecraft:acacia_planks":26,"minecraft:stone_axe":1,"minecraft:stone_sword":2,"minecraft:raw_iron":11,"minecraft:iron_boots":1,"minecraft:cooked_mutton":2,"minecraft:carrot":10,"minecraft:filled_map":1,"minecraft:shield":4,"minecraft:iron_chestplate":1,"minecraft:wooden_pickaxe":1,"minecraft:stone_pickaxe":1,"minecraft:egg":2},"minecraft:picked_up":{"minecraft:crafting_table":7,"minecraft:iron_chestplate":2,"minecraft:suspicious_stew":1,"minecraft:wooden_pickaxe":1,"minecraft:shield":6,"minecraft:amethyst_block":1,"minecraft:string":63,"minecraft:acacia_door":6,"minecraft:raw_copper":9,"minecraft:flint_and_steel":3,"minecraft:iron_leggings":3,"minecraft:compass":1,"minecraft:experience_bottle":1,"minecraft:beetroot":1,"minecraft:gold_nugget":1,"minecraft:cobbled_deepslate":64,"minecraft:calcite":6,"minecraft:iron_nugget":18,"minecraft:poppy":1,"minecraft:iron_pickaxe":4,"minecraft:sugar_cane":3,"minecraft:furnace":2,"minecraft:iron_boots":3,"minecraft:egg":9,"minecraft:golden_helmet":1,"minecraft:stick":21,"minecraft:raw_iron":121,"minecraft:oak_fence":2,"minecraft:torch":64,"minecraft:acacia_log":32,"minecraft:porkchop":1,"minecraft:pointed_dripstone":68,"minecraft:diorite":13,"minecraft:carrot":23,"minecraft:orange_bed":1,"minecraft:stone_sword":4,"minecraft:arrow":33,"minecraft:rotten_flesh":56,"minecraft:beetroot_seeds":5,"minecraft:hay_block":15,"minecraft:glow_berries":3,"minecraft:cobblestone":154,"minecraft:white_wool":4,"minecraft:feather":5,"minecraft:cooked_beef":2,"minecraft:glow_ink_sac":3,"minecraft:water_bucket":1,"minecraft:andesite":6,"minecraft:filled_map":2,"minecraft:flint":2,"minecraft:tuff":19,"minecraft:gunpowder":3,"minecraft:paper":2,"minecraft:lapis_lazuli":103,"minecraft:dirt":127,"minecraft:cooked_mutton":10,"minecraft:coast_armor_trim_smithing_template":2,"minecraft:bone":25,"minecraft:acacia_planks":120,"minecraft:wheat_seeds":90,"minecraft:raw_gold":47,"minecraft:stone_pickaxe":6,"minecraft:cooked_chicken":1,"minecraft:iron_sword":1,"minecraft:moss_block":3,"minecraft:oak_planks":82,"minecraft:stone_hoe":1,"minecraft:cooked_porkchop":28,"minecraft:pumpkin":11,"minecraft:gravel":1,"minecraft:lava_bucket":1,"minecraft:poisonous_potato":2,"minecraft:dripstone_block":14,"minecraft:amethyst_shard":12,"minecraft:white_bed":1,"minecraft:spider_eye":3,"minecraft:diamond":10,"minecraft:stone_axe":4,"minecraft:iron_helmet":2,"minecraft:granite":3,"minecraft:golden_apple":1,"minecraft:bread":54,"minecraft:coal":209,"minecraft:ender_pearl":1},"minecraft:used":{"minecraft:stone_sword":55,"minecraft:flint_and_steel":15,"minecraft:chest":3,"minecraft:shield":114,"minecraft:iron_sword":126,"minecraft:rotten_flesh":1,"minecraft:orange_bed":1,"minecraft:stone_hoe":25,"minecraft:iron_chestplate":1,"minecraft:torch":403,"minecraft:dirt":25,"minecraft:carrot":1,"minecraft:tuff":4,"minecraft:granite":3,"minecraft:lava_bucket":4,"minecraft:iron_helmet":1,"minecraft:furnace":5,"minecraft:beetroot_seeds":2,"minecraft:egg":7,"minecraft:cooked_beef":1,"minecraft:cobbled_deepslate":43,"minecraft:iron_leggings":2,"minecraft:calcite":6,"minecraft:wheat_seeds":14,"minecraft:cooked_mutton":2,"minecraft:diorite":13,"minecraft:water_bucket":1,"minecraft:stone_pickaxe":209,"minecraft:oak_planks":2,"minecraft:wooden_pickaxe":15,"minecraft:sugar_cane":3,"minecraft:glow_berries":1,"minecraft:crafting_table":9,"minecraft:white_bed":1,"minecraft:dripstone_block":7,"minecraft:acacia_door":9,"minecraft:bread":28,"minecraft:iron_pickaxe":153,"minecraft:gravel":1,"minecraft:golden_helmet":1,"minecraft:stone_axe":292,"minecraft:cobblestone":29,"minecraft:porkchop":1,"minecraft:cooked_porkchop":4,"minecraft:bucket":6},"minecraft:killed":{"minecraft:cave_spider":3,"minecraft:spider":7,"minecraft:skeleton":17,"minecraft:chicken":1,"minecraft:drowned":1,"minecraft:pig":4,"minecraft:creeper":2,"minecraft:sheep":4,"minecraft:zombie":39,"minecraft:enderman":1,"minecraft:cow":1},"minecraft:broken":{"minecraft:stone_sword":1,"minecraft:stone_pickaxe":1,"minecraft:shield":2,"minecraft:stone_axe":3},"minecraft:mined":{"minecraft:tuff":7,"minecraft:white_bed":1,"minecraft:deepslate_diamond_ore":9,"minecraft:acacia_log":30,"minecraft:grass_block":19,"minecraft:hay_block":15,"minecraft:tall_seagrass":1,"minecraft:furnace":2,"minecraft:carrots":8,"minecraft:iron_ore":54,"minecraft:cobbled_deepslate":2,"minecraft:fire":17,"minecraft:andesite":4,"minecraft:pumpkin":13,"minecraft:deepslate_lapis_ore":4,"minecraft:pointed_dripstone":13,"minecraft:deepslate_iron_ore":21,"minecraft:stone":84,"minecraft:orange_bed":1,"minecraft:acacia_leaves":3,"minecraft:kelp_plant":5,"minecraft:amethyst_cluster":2,"minecraft:oak_fence":2,"minecraft:crafting_table":6,"minecraft:torch":4,"minecraft:calcite":6,"minecraft:poppy":2,"minecraft:tall_grass":63,"minecraft:deepslate_gold_ore":22,"minecraft:oak_planks":71,"minecraft:sugar_cane":3,"minecraft:diorite":2,"minecraft:wall_torch":3,"minecraft:amethyst_block":2,"minecraft:seagrass":2,"minecraft:wheat":19,"minecraft:grass":565,"minecraft:coal_ore":83,"minecraft:beetroots":1,"minecraft:dripstone_block":7,"minecraft:gravel":3,"minecraft:acacia_door":6,"minecraft:dirt":29,"minecraft:cobweb":32,"minecraft:deepslate":42},"minecraft:custom":{"minecraft:mob_kills":85,"minecraft:interact_with_crafting_table":48,"minecraft:bell_ring":8,"minecraft:leave_game":3,"minecraft:time_since_death":37443,"minecraft:sprint_one_cm":313668,"minecraft:walk_one_cm":848351,"minecraft:damage_blocked_by_shield":7515,"minecraft:drop":39,"minecraft:talked_to_villager":6,"minecraft:play_time":198787,"minecraft:sneak_time":13754,"minecraft:deaths":7,"minecraft:walk_under_water_one_cm":117351,"minecraft:jump":2794,"minecraft:walk_on_water_one_cm":46241,"minecraft:total_world_time":198787,"minecraft:interact_with_furnace":64,"minecraft:sleep_in_bed":2,"minecraft:time_since_rest":37621,"minecraft:damage_taken":3829,"minecraft:damage_dealt":13467,"minecraft:player_kills":1,"minecraft:swim_one_cm":69239,"minecraft:fly_one_cm":503561,"minecraft:open_chest":55,"minecraft:crouch_one_cm":31423,"minecraft:fall_one_cm":53400}},"DataVersion":3465}