{"stats":{"minecraft:crafted":{"minecraft:crafting_table":3,"minecraft:acacia_slab":6,"minecraft:wooden_pickaxe":1,"minecraft:furnace":1,"minecraft:stone_axe":1,"minecraft:air":0,"minecraft:charcoal":4,"minecraft:shield":1,"minecraft:stick":4,"minecraft:iron_ingot":1,"minecraft:stone_pickaxe":1,"minecraft:acacia_door":3,"minecraft:acacia_planks":92,"minecraft:torch":12},"minecraft:dropped":{"minecraft:shield":1,"minecraft:wooden_pickaxe":1},"minecraft:killed_by":{"minecraft:skeleton":2,"minecraft:zombie":1},"minecraft:picked_up":{"minecraft:crafting_table":4,"minecraft:wooden_pickaxe":1,"minecraft:shield":1,"minecraft:dirt":64,"minecraft:acacia_door":2,"minecraft:flint_and_steel":1,"minecraft:cooked_mutton":8,"minecraft:bone":3,"minecraft:acacia_planks":44,"minecraft:wheat_seeds":44,"minecraft:stone_pickaxe":1,"minecraft:iron_nugget":5,"minecraft:poppy":1,"minecraft:furnace":1,"minecraft:egg":4,"minecraft:golden_helmet":1,"minecraft:raw_iron":8,"minecraft:stick":7,"minecraft:cooked_porkchop":5,"minecraft:torch":12,"minecraft:acacia_log":29,"minecraft:porkchop":1,"minecraft:arrow":2,"minecraft:rotten_flesh":3,"minecraft:stone_axe":1,"minecraft:coal":40,"minecraft:white_wool":4,"minecraft:cobblestone":45},"minecraft:used":{"minecraft:cooked_mutton":2,"minecraft:flint_and_steel":7,"minecraft:stone_pickaxe":50,"minecraft:wooden_pickaxe":15,"minecraft:shield":6,"minecraft:dirt":14,"minecraft:crafting_table":5,"minecraft:acacia_door":5,"minecraft:golden_helmet":1,"minecraft:stone_axe":73,"minecraft:cobblestone":2,"minecraft:furnace":2,"minecraft:porkchop":1,"minecraft:cooked_porkchop":1,"minecraft:egg":2},"minecraft:killed":{"minecraft:pig":2,"minecraft:sheep":4,"minecraft:skeleton":3,"minecraft:zombie":3,"minecraft:drowned":1},"minecraft:mined":{"minecraft:acacia_leaves":3,"minecraft:kelp_plant":5,"minecraft:crafting_table":3,"minecraft:acacia_log":30,"minecraft:grass_block":10,"minecraft:poppy":2,"minecraft:tall_grass":36,"minecraft:furnace":1,"minecraft:fire":6,"minecraft:iron_ore":5,"minecraft:grass":345,"minecraft:coal_ore":20,"minecraft:acacia_door":2,"minecraft:dirt":23,"minecraft:stone":38},"minecraft:custom":{"minecraft:interact_with_furnace":12,"minecraft:mob_kills":13,"minecraft:interact_with_crafting_table":11,"minecraft:time_since_death":1745,"minecraft:time_since_rest":1775,"minecraft:sprint_one_cm":71056,"minecraft:damage_taken":1227,"minecraft:walk_one_cm":103505,"minecraft:damage_blocked_by_shield":360,"minecraft:drop":2,"minecraft:damage_dealt":1875,"minecraft:swim_one_cm":23439,"minecraft:fly_one_cm":83703,"minecraft:open_chest":4,"minecraft:crouch_one_cm":1303,"minecraft:play_time":34279,"minecraft:deaths":3,"minecraft:sneak_time":777,"minecraft:walk_under_water_one_cm":26929,"minecraft:jump":611,"minecraft:walk_on_water_one_cm":3690,"minecraft:total_world_time":34279,"minecraft:fall_one_cm":13678}},"DataVersion":3465}