{"stats":{"minecraft:crafted":{"minecraft:crafting_table":3,"minecraft:acacia_slab":6,"minecraft:wooden_pickaxe":1,"minecraft:furnace":3,"minecraft:bucket":1,"minecraft:stone_axe":3,"minecraft:bread":24,"minecraft:air":0,"minecraft:charcoal":4,"minecraft:shield":2,"minecraft:stick":28,"minecraft:iron_ingot":39,"minecraft:iron_pickaxe":2,"minecraft:stone_pickaxe":2,"minecraft:chest":3,"minecraft:acacia_door":3,"minecraft:iron_leggings":1,"minecraft:acacia_planks":128,"minecraft:torch":76,"minecraft:wheat":72},"minecraft:killed_by":{"minecraft:player":1,"minecraft:skeleton":3,"minecraft:zombie":1},"minecraft:dropped":{"minecraft:bread":12,"minecraft:stone_axe":1,"minecraft:stone_sword":1,"minecraft:raw_iron":11,"minecraft:cooked_mutton":2,"minecraft:carrot":10,"minecraft:filled_map":1,"minecraft:shield":3,"minecraft:torch":2,"minecraft:iron_pickaxe":1,"minecraft:stone_pickaxe":1,"minecraft:wooden_pickaxe":1,"minecraft:egg":2},"minecraft:picked_up":{"minecraft:crafting_table":7,"minecraft:feather":5,"minecraft:cooked_beef":1,"minecraft:glow_ink_sac":3,"minecraft:suspicious_stew":1,"minecraft:andesite":5,"minecraft:wooden_pickaxe":1,"minecraft:filled_map":2,"minecraft:shield":3,"minecraft:gunpowder":3,"minecraft:lapis_lazuli":1,"minecraft:string":1,"minecraft:dirt":127,"minecraft:paper":2,"minecraft:acacia_door":6,"minecraft:flint_and_steel":1,"minecraft:compass":1,"minecraft:cooked_mutton":10,"minecraft:experience_bottle":1,"minecraft:coast_armor_trim_smithing_template":2,"minecraft:bone":7,"minecraft:acacia_planks":56,"minecraft:beetroot":1,"minecraft:wheat_seeds":90,"minecraft:gold_nugget":1,"minecraft:cooked_chicken":1,"minecraft:stone_pickaxe":3,"minecraft:iron_nugget":18,"minecraft:poppy":1,"minecraft:iron_pickaxe":1,"minecraft:moss_block":3,"minecraft:sugar_cane":3,"minecraft:stone_hoe":1,"minecraft:furnace":2,"minecraft:egg":9,"minecraft:golden_helmet":1,"minecraft:raw_iron":36,"minecraft:stick":15,"minecraft:cooked_porkchop":16,"minecraft:pumpkin":11,"minecraft:torch":23,"minecraft:acacia_log":32,"minecraft:poisonous_potato":2,"minecraft:porkchop":1,"minecraft:white_bed":1,"minecraft:carrot":23,"minecraft:orange_bed":1,"minecraft:stone_sword":1,"minecraft:arrow":6,"minecraft:rotten_flesh":18,"minecraft:beetroot_seeds":3,"minecraft:stone_axe":2,"minecraft:hay_block":15,"minecraft:granite":3,"minecraft:bread":11,"minecraft:coal":143,"minecraft:white_wool":4,"minecraft:cobblestone":118},"minecraft:used":{"minecraft:wheat_seeds":14,"minecraft:cooked_mutton":2,"minecraft:flint_and_steel":15,"minecraft:stone_pickaxe":156,"minecraft:chest":3,"minecraft:wooden_pickaxe":15,"minecraft:shield":18,"minecraft:sugar_cane":3,"minecraft:stone_hoe":25,"minecraft:orange_bed":1,"minecraft:torch":42,"minecraft:dirt":25,"minecraft:crafting_table":9,"minecraft:carrot":1,"minecraft:acacia_door":9,"minecraft:bread":4,"minecraft:golden_helmet":1,"minecraft:stone_axe":193,"minecraft:cobblestone":21,"minecraft:furnace":5,"minecraft:porkchop":1,"minecraft:cooked_porkchop":4,"minecraft:beetroot_seeds":2,"minecraft:bucket":1,"minecraft:egg":7,"minecraft:iron_leggings":1},"minecraft:killed":{"minecraft:pig":4,"minecraft:creeper":1,"minecraft:sheep":4,"minecraft:skeleton":5,"minecraft:zombie":14,"minecraft:chicken":1,"minecraft:drowned":1,"minecraft:cow":1},"minecraft:broken":{"minecraft:stone_axe":1},"minecraft:mined":{"minecraft:acacia_leaves":3,"minecraft:white_bed":1,"minecraft:kelp_plant":5,"minecraft:crafting_table":6,"minecraft:acacia_log":30,"minecraft:grass_block":19,"minecraft:poppy":2,"minecraft:tall_grass":63,"minecraft:sugar_cane":3,"minecraft:hay_block":15,"minecraft:seagrass":2,"minecraft:tall_seagrass":1,"minecraft:carrots":8,"minecraft:furnace":2,"minecraft:wheat":19,"minecraft:fire":13,"minecraft:iron_ore":26,"minecraft:andesite":3,"minecraft:pumpkin":13,"minecraft:grass":565,"minecraft:beetroots":1,"minecraft:coal_ore":75,"minecraft:acacia_door":6,"minecraft:dirt":29,"minecraft:stone":61,"minecraft:orange_bed":1},"minecraft:custom":{"minecraft:interact_with_furnace":42,"minecraft:mob_kills":34,"minecraft:interact_with_crafting_table":32,"minecraft:bell_ring":8,"minecraft:time_since_death":45105,"minecraft:sleep_in_bed":2,"minecraft:time_since_rest":24312,"minecraft:sprint_one_cm":196350,"minecraft:damage_taken":2067,"minecraft:walk_one_cm":250701,"minecraft:damage_blocked_by_shield":915,"minecraft:drop":25,"minecraft:damage_dealt":4808,"minecraft:talked_to_villager":6,"minecraft:swim_one_cm":69239,"minecraft:fly_one_cm":328787,"minecraft:player_kills":1,"minecraft:open_chest":42,"minecraft:crouch_one_cm":6626,"minecraft:play_time":94279,"minecraft:deaths":5,"minecraft:sneak_time":3516,"minecraft:walk_under_water_one_cm":114966,"minecraft:jump":1354,"minecraft:walk_on_water_one_cm":30435,"minecraft:total_world_time":94279,"minecraft:fall_one_cm":25170}},"DataVersion":3465}