{"stats":{"minecraft:crafted":{"minecraft:furnace":3,"minecraft:iron_boots":2,"minecraft:stone_pickaxe":2,"minecraft:chest":3,"minecraft:wheat":72,"minecraft:crafting_table":3,"minecraft:acacia_slab":6,"minecraft:wooden_pickaxe":1,"minecraft:iron_helmet":1,"minecraft:bucket":1,"minecraft:stone_axe":3,"minecraft:bread":24,"minecraft:air":0,"minecraft:iron_chestplate":1,"minecraft:charcoal":4,"minecraft:shield":2,"minecraft:stick":36,"minecraft:iron_ingot":47,"minecraft:iron_pickaxe":2,"minecraft:iron_leggings":2,"minecraft:acacia_door":3,"minecraft:gold_ingot":3,"minecraft:acacia_planks":128,"minecraft:torch":108},"minecraft:killed_by":{"minecraft:player":1,"minecraft:skeleton":4,"minecraft:zombie":1},"minecraft:dropped":{"minecraft:bread":12,"minecraft:torch":2,"minecraft:iron_leggings":1,"minecraft:iron_pickaxe":1,"minecraft:stone_axe":1,"minecraft:stone_sword":1,"minecraft:raw_iron":11,"minecraft:iron_boots":1,"minecraft:cooked_mutton":2,"minecraft:carrot":10,"minecraft:filled_map":1,"minecraft:shield":3,"minecraft:stone_pickaxe":1,"minecraft:wooden_pickaxe":1,"minecraft:egg":2},"minecraft:picked_up":{"minecraft:iron_chestplate":1,"minecraft:crafting_table":7,"minecraft:suspicious_stew":1,"minecraft:wooden_pickaxe":1,"minecraft:shield":4,"minecraft:string":2,"minecraft:raw_copper":9,"minecraft:acacia_door":6,"minecraft:iron_leggings":2,"minecraft:flint_and_steel":2,"minecraft:compass":1,"minecraft:experience_bottle":1,"minecraft:beetroot":1,"minecraft:gold_nugget":1,"minecraft:iron_nugget":18,"minecraft:poppy":1,"minecraft:iron_pickaxe":2,"minecraft:sugar_cane":3,"minecraft:iron_boots":2,"minecraft:egg":9,"minecraft:furnace":2,"minecraft:golden_helmet":1,"minecraft:stick":21,"minecraft:raw_iron":59,"minecraft:torch":49,"minecraft:acacia_log":32,"minecraft:porkchop":1,"minecraft:carrot":23,"minecraft:orange_bed":1,"minecraft:stone_sword":3,"minecraft:arrow":20,"minecraft:rotten_flesh":34,"minecraft:beetroot_seeds":3,"minecraft:hay_block":15,"minecraft:cobblestone":145,"minecraft:white_wool":4,"minecraft:feather":5,"minecraft:cooked_beef":2,"minecraft:glow_ink_sac":3,"minecraft:water_bucket":1,"minecraft:andesite":6,"minecraft:filled_map":2,"minecraft:gunpowder":3,"minecraft:dirt":127,"minecraft:lapis_lazuli":1,"minecraft:paper":2,"minecraft:cooked_mutton":10,"minecraft:coast_armor_trim_smithing_template":2,"minecraft:bone":14,"minecraft:acacia_planks":120,"minecraft:wheat_seeds":90,"minecraft:raw_gold":3,"minecraft:stone_pickaxe":5,"minecraft:cooked_chicken":1,"minecraft:moss_block":3,"minecraft:stone_hoe":1,"minecraft:cooked_porkchop":22,"minecraft:pumpkin":11,"minecraft:poisonous_potato":2,"minecraft:amethyst_shard":4,"minecraft:white_bed":1,"minecraft:stone_axe":2,"minecraft:iron_helmet":1,"minecraft:granite":3,"minecraft:bread":47,"minecraft:coal":171},"minecraft:used":{"minecraft:stone_sword":24,"minecraft:flint_and_steel":15,"minecraft:chest":3,"minecraft:shield":53,"minecraft:stone_hoe":25,"minecraft:iron_chestplate":1,"minecraft:orange_bed":1,"minecraft:torch":69,"minecraft:dirt":25,"minecraft:carrot":1,"minecraft:iron_helmet":1,"minecraft:furnace":5,"minecraft:beetroot_seeds":2,"minecraft:egg":7,"minecraft:iron_leggings":2,"minecraft:wheat_seeds":14,"minecraft:cooked_mutton":2,"minecraft:stone_pickaxe":195,"minecraft:wooden_pickaxe":15,"minecraft:sugar_cane":3,"minecraft:crafting_table":9,"minecraft:white_bed":1,"minecraft:acacia_door":9,"minecraft:bread":12,"minecraft:iron_pickaxe":2,"minecraft:golden_helmet":1,"minecraft:stone_axe":230,"minecraft:cobblestone":21,"minecraft:cooked_porkchop":4,"minecraft:porkchop":1,"minecraft:bucket":1},"minecraft:killed":{"minecraft:spider":4,"minecraft:skeleton":11,"minecraft:chicken":1,"minecraft:drowned":1,"minecraft:pig":4,"minecraft:creeper":1,"minecraft:sheep":4,"minecraft:zombie":21,"minecraft:cow":1},"minecraft:broken":{"minecraft:stone_axe":2},"minecraft:mined":{"minecraft:white_bed":1,"minecraft:acacia_log":30,"minecraft:grass_block":19,"minecraft:hay_block":15,"minecraft:tall_seagrass":1,"minecraft:furnace":2,"minecraft:carrots":8,"minecraft:iron_ore":40,"minecraft:fire":13,"minecraft:andesite":4,"minecraft:pumpkin":13,"minecraft:stone":75,"minecraft:orange_bed":1,"minecraft:acacia_leaves":3,"minecraft:kelp_plant":5,"minecraft:crafting_table":6,"minecraft:poppy":2,"minecraft:tall_grass":63,"minecraft:sugar_cane":3,"minecraft:diorite":2,"minecraft:seagrass":2,"minecraft:wheat":19,"minecraft:grass":565,"minecraft:coal_ore":78,"minecraft:beetroots":1,"minecraft:dirt":29,"minecraft:acacia_door":6},"minecraft:custom":{"minecraft:mob_kills":51,"minecraft:interact_with_crafting_table":39,"minecraft:bell_ring":8,"minecraft:time_since_death":2558,"minecraft:sprint_one_cm":226723,"minecraft:walk_one_cm":295664,"minecraft:damage_blocked_by_shield":3090,"minecraft:drop":27,"minecraft:talked_to_villager":6,"minecraft:play_time":106279,"minecraft:deaths":6,"minecraft:sneak_time":3654,"minecraft:walk_under_water_one_cm":114966,"minecraft:jump":1534,"minecraft:walk_on_water_one_cm":30435,"minecraft:total_world_time":106279,"minecraft:interact_with_furnace":52,"minecraft:sleep_in_bed":2,"minecraft:time_since_rest":2587,"minecraft:damage_taken":2720,"minecraft:damage_dealt":7626,"minecraft:swim_one_cm":69239,"minecraft:player_kills":1,"minecraft:fly_one_cm":354286,"minecraft:open_chest":50,"minecraft:crouch_one_cm":6751,"minecraft:fall_one_cm":28806}},"DataVersion":3465}