{"stats":{"minecraft:crafted":{"minecraft:acacia_planks":24,"minecraft:crafting_table":1,"minecraft:stick":4,"minecraft:iron_ingot":1},"minecraft:killed_by":{"minecraft:zombie":1},"minecraft:picked_up":{"minecraft:crafting_table":1,"minecraft:wheat_seeds":11,"minecraft:acacia_log":8,"minecraft:dirt":4},"minecraft:used":{"minecraft:dirt":4,"minecraft:crafting_table":1},"minecraft:killed":{"minecraft:zombie":2},"minecraft:mined":{"minecraft:grass":114,"minecraft:acacia_log":8,"minecraft:grass_block":1,"minecraft:dirt":4,"minecraft:tall_grass":11,"minecraft:crafting_table":1},"minecraft:custom":{"minecraft:open_chest":1,"minecraft:time_since_rest":5071,"minecraft:crouch_one_cm":273,"minecraft:play_time":10279,"minecraft:sprint_one_cm":19636,"minecraft:walk_one_cm":28246,"minecraft:damage_taken":388,"minecraft:deaths":1,"minecraft:sneak_time":166,"minecraft:mob_kills":2,"minecraft:jump":238,"minecraft:damage_dealt":504,"minecraft:time_since_death":5040,"minecraft:total_world_time":10279,"minecraft:interact_with_crafting_table":1,"minecraft:fall_one_cm":4484,"minecraft:fly_one_cm":28865}},"DataVersion":3465}