{"stats":{"minecraft:crafted":{"minecraft:crafting_table":3,"minecraft:acacia_slab":6,"minecraft:wooden_pickaxe":1,"minecraft:furnace":1,"minecraft:stone_axe":2,"minecraft:air":0,"minecraft:charcoal":4,"minecraft:shield":1,"minecraft:stick":8,"minecraft:iron_ingot":3,"minecraft:stone_pickaxe":2,"minecraft:chest":1,"minecraft:acacia_door":3,"minecraft:acacia_planks":104,"minecraft:torch":12},"minecraft:killed_by":{"minecraft:player":1,"minecraft:skeleton":2,"minecraft:zombie":1},"minecraft:dropped":{"minecraft:stone_axe":1,"minecraft:stone_sword":1,"minecraft:filled_map":1,"minecraft:shield":2,"minecraft:wooden_pickaxe":1,"minecraft:egg":2},"minecraft:picked_up":{"minecraft:crafting_table":5,"minecraft:feather":3,"minecraft:suspicious_stew":1,"minecraft:wooden_pickaxe":1,"minecraft:filled_map":2,"minecraft:shield":2,"minecraft:lapis_lazuli":1,"minecraft:string":1,"minecraft:dirt":66,"minecraft:paper":2,"minecraft:acacia_door":6,"minecraft:flint_and_steel":1,"minecraft:compass":1,"minecraft:cooked_mutton":8,"minecraft:experience_bottle":1,"minecraft:coast_armor_trim_smithing_template":2,"minecraft:bone":5,"minecraft:acacia_planks":44,"minecraft:wheat_seeds":56,"minecraft:gold_nugget":1,"minecraft:stone_pickaxe":1,"minecraft:iron_nugget":18,"minecraft:poppy":1,"minecraft:moss_block":3,"minecraft:furnace":1,"minecraft:egg":8,"minecraft:golden_helmet":1,"minecraft:raw_iron":8,"minecraft:stick":7,"minecraft:cooked_porkchop":7,"minecraft:torch":12,"minecraft:acacia_log":32,"minecraft:poisonous_potato":2,"minecraft:porkchop":1,"minecraft:carrot":10,"minecraft:stone_sword":1,"minecraft:arrow":3,"minecraft:rotten_flesh":3,"minecraft:stone_axe":2,"minecraft:coal":40,"minecraft:white_wool":4,"minecraft:cobblestone":47},"minecraft:used":{"minecraft:cooked_mutton":2,"minecraft:flint_and_steel":7,"minecraft:stone_pickaxe":54,"minecraft:chest":1,"minecraft:wooden_pickaxe":15,"minecraft:shield":6,"minecraft:dirt":16,"minecraft:crafting_table":5,"minecraft:acacia_door":8,"minecraft:golden_helmet":1,"minecraft:stone_axe":80,"minecraft:cobblestone":2,"minecraft:furnace":2,"minecraft:porkchop":1,"minecraft:cooked_porkchop":1,"minecraft:egg":6},"minecraft:killed":{"minecraft:pig":2,"minecraft:sheep":4,"minecraft:skeleton":3,"minecraft:zombie":3,"minecraft:drowned":1},"minecraft:mined":{"minecraft:acacia_leaves":3,"minecraft:kelp_plant":5,"minecraft:crafting_table":4,"minecraft:acacia_log":30,"minecraft:grass_block":12,"minecraft:poppy":2,"minecraft:tall_grass":50,"minecraft:furnace":1,"minecraft:fire":6,"minecraft:iron_ore":5,"minecraft:grass":425,"minecraft:coal_ore":21,"minecraft:acacia_door":6,"minecraft:dirt":23,"minecraft:stone":40},"minecraft:custom":{"minecraft:interact_with_furnace":14,"minecraft:mob_kills":13,"minecraft:interact_with_crafting_table":17,"minecraft:time_since_death":8785,"minecraft:time_since_rest":8830,"minecraft:sprint_one_cm":108523,"minecraft:damage_taken":1337,"minecraft:walk_one_cm":123003,"minecraft:damage_blocked_by_shield":360,"minecraft:drop":7,"minecraft:damage_dealt":1951,"minecraft:swim_one_cm":60259,"minecraft:fly_one_cm":108874,"minecraft:player_kills":1,"minecraft:open_chest":19,"minecraft:crouch_one_cm":1627,"minecraft:play_time":46279,"minecraft:deaths":4,"minecraft:sneak_time":1301,"minecraft:walk_under_water_one_cm":45466,"minecraft:jump":770,"minecraft:walk_on_water_one_cm":7160,"minecraft:total_world_time":46279,"minecraft:fall_one_cm":15706}},"DataVersion":3465}