{"stats":{"minecraft:crafted":{"minecraft:crafting_table":3,"minecraft:acacia_slab":6,"minecraft:wooden_pickaxe":1,"minecraft:furnace":1,"minecraft:stone_axe":2,"minecraft:air":0,"minecraft:charcoal":4,"minecraft:shield":1,"minecraft:stick":12,"minecraft:iron_ingot":3,"minecraft:stone_pickaxe":2,"minecraft:chest":1,"minecraft:acacia_door":3,"minecraft:acacia_planks":104,"minecraft:torch":28},"minecraft:killed_by":{"minecraft:player":1,"minecraft:skeleton":3,"minecraft:zombie":1},"minecraft:dropped":{"minecraft:stone_axe":1,"minecraft:stone_sword":1,"minecraft:cooked_mutton":2,"minecraft:filled_map":1,"minecraft:shield":2,"minecraft:wooden_pickaxe":1,"minecraft:egg":2},"minecraft:picked_up":{"minecraft:crafting_table":5,"minecraft:feather":5,"minecraft:suspicious_stew":1,"minecraft:wooden_pickaxe":1,"minecraft:filled_map":2,"minecraft:shield":2,"minecraft:lapis_lazuli":1,"minecraft:string":1,"minecraft:dirt":97,"minecraft:paper":2,"minecraft:acacia_door":6,"minecraft:flint_and_steel":1,"minecraft:compass":1,"minecraft:cooked_mutton":10,"minecraft:experience_bottle":1,"minecraft:coast_armor_trim_smithing_template":2,"minecraft:bone":5,"minecraft:acacia_planks":44,"minecraft:wheat_seeds":69,"minecraft:gold_nugget":1,"minecraft:cooked_chicken":1,"minecraft:stone_pickaxe":1,"minecraft:iron_nugget":18,"minecraft:poppy":1,"minecraft:moss_block":3,"minecraft:furnace":1,"minecraft:egg":8,"minecraft:golden_helmet":1,"minecraft:raw_iron":8,"minecraft:stick":7,"minecraft:cooked_porkchop":13,"minecraft:torch":13,"minecraft:acacia_log":32,"minecraft:poisonous_potato":2,"minecraft:porkchop":1,"minecraft:carrot":10,"minecraft:stone_sword":1,"minecraft:arrow":3,"minecraft:rotten_flesh":3,"minecraft:stone_axe":2,"minecraft:coal":52,"minecraft:white_wool":4,"minecraft:cobblestone":59},"minecraft:used":{"minecraft:cooked_mutton":2,"minecraft:flint_and_steel":11,"minecraft:stone_pickaxe":76,"minecraft:chest":1,"minecraft:wooden_pickaxe":15,"minecraft:shield":6,"minecraft:torch":2,"minecraft:dirt":16,"minecraft:crafting_table":5,"minecraft:acacia_door":9,"minecraft:golden_helmet":1,"minecraft:stone_axe":113,"minecraft:cobblestone":7,"minecraft:furnace":2,"minecraft:porkchop":1,"minecraft:cooked_porkchop":1,"minecraft:egg":6},"minecraft:killed":{"minecraft:pig":4,"minecraft:sheep":4,"minecraft:skeleton":3,"minecraft:zombie":3,"minecraft:chicken":1,"minecraft:drowned":1},"minecraft:mined":{"minecraft:acacia_leaves":3,"minecraft:kelp_plant":5,"minecraft:crafting_table":4,"minecraft:acacia_log":30,"minecraft:grass_block":12,"minecraft:poppy":2,"minecraft:tall_grass":54,"minecraft:seagrass":2,"minecraft:tall_seagrass":1,"minecraft:furnace":1,"minecraft:fire":10,"minecraft:iron_ore":5,"minecraft:grass":516,"minecraft:coal_ore":31,"minecraft:acacia_door":6,"minecraft:dirt":23,"minecraft:stone":52},"minecraft:custom":{"minecraft:interact_with_furnace":14,"minecraft:mob_kills":17,"minecraft:interact_with_crafting_table":17,"minecraft:time_since_death":9105,"minecraft:time_since_rest":10067,"minecraft:sprint_one_cm":127645,"minecraft:damage_taken":1597,"minecraft:walk_one_cm":135532,"minecraft:damage_blocked_by_shield":360,"minecraft:drop":9,"minecraft:damage_dealt":2103,"minecraft:swim_one_cm":67151,"minecraft:fly_one_cm":271099,"minecraft:player_kills":1,"minecraft:open_chest":24,"minecraft:crouch_one_cm":1762,"minecraft:play_time":58279,"minecraft:deaths":5,"minecraft:sneak_time":2132,"minecraft:walk_under_water_one_cm":103367,"minecraft:jump":873,"minecraft:walk_on_water_one_cm":16947,"minecraft:total_world_time":58279,"minecraft:fall_one_cm":18063}},"DataVersion":3465}