{"stats":{"minecraft:dropped":{"minecraft:bread":12,"minecraft:lapis_lazuli":48,"minecraft:iron_helmet":1,"minecraft:cobblestone":14,"minecraft:amethyst_block":1,"minecraft:flint":1,"minecraft:torch":3,"minecraft:iron_leggings":1,"minecraft:iron_pickaxe":2,"minecraft:string":2,"minecraft:acacia_planks":26,"minecraft:stone_axe":1,"minecraft:stone_sword":2,"minecraft:raw_iron":11,"minecraft:iron_boots":1,"minecraft:cooked_mutton":2,"minecraft:carrot":10,"minecraft:filled_map":1,"minecraft:poppy":2,"minecraft:shield":4,"minecraft:iron_chestplate":1,"minecraft:beetroot_seeds":2,"minecraft:wooden_pickaxe":1,"minecraft:stone_pickaxe":1,"minecraft:egg":2},"minecraft:broken":{"minecraft:stone_sword":1,"minecraft:stone_pickaxe":1,"minecraft:shield":2,"minecraft:stone_axe":3},"minecraft:used":{"minecraft:oak_fence":2,"minecraft:stone_sword":55,"minecraft:flint_and_steel":19,"minecraft:chest":3,"minecraft:shield":114,"minecraft:iron_sword":126,"minecraft:orange_bed":1,"minecraft:bell":2,"minecraft:rotten_flesh":3,"minecraft:stone_hoe":25,"minecraft:iron_chestplate":1,"minecraft:torch":403,"minecraft:dirt":34,"minecraft:mutton":1,"minecraft:carrot":6,"minecraft:tuff":16,"minecraft:granite":3,"minecraft:lava_bucket":6,"minecraft:iron_helmet":1,"minecraft:furnace":5,"minecraft:beetroot_seeds":2,"minecraft:egg":7,"minecraft:cooked_beef":1,"minecraft:cobbled_deepslate":43,"minecraft:iron_leggings":2,"minecraft:calcite":6,"minecraft:wheat_seeds":14,"minecraft:cooked_mutton":2,"minecraft:water_bucket":1,"minecraft:diorite":13,"minecraft:stone_pickaxe":215,"minecraft:oak_planks":2,"minecraft:wooden_pickaxe":15,"minecraft:sugar_cane":3,"minecraft:glow_berries":2,"minecraft:crafting_table":9,"minecraft:white_bed":5,"minecraft:dripstone_block":7,"minecraft:acacia_door":9,"minecraft:bread":28,"minecraft:iron_pickaxe":167,"minecraft:gravel":6,"minecraft:stone_axe":292,"minecraft:golden_helmet":1,"minecraft:fire_charge":1,"minecraft:cobblestone":31,"minecraft:porkchop":1,"minecraft:cooked_porkchop":4,"minecraft:andesite":3,"minecraft:bucket":8,"minecraft:yellow_bed":2},"minecraft:picked_up":{"minecraft:crafting_table":7,"minecraft:iron_chestplate":2,"minecraft:wheat":2,"minecraft:suspicious_stew":1,"minecraft:wooden_pickaxe":1,"minecraft:shield":6,"minecraft:amethyst_block":1,"minecraft:string":63,"minecraft:acacia_door":6,"minecraft:raw_copper":9,"minecraft:flint_and_steel":3,"minecraft:iron_leggings":3,"minecraft:compass":1,"minecraft:experience_bottle":1,"minecraft:beetroot":1,"minecraft:gold_nugget":1,"minecraft:cobbled_deepslate":82,"minecraft:calcite":6,"minecraft:iron_nugget":18,"minecraft:poppy":2,"minecraft:iron_pickaxe":4,"minecraft:sugar_cane":3,"minecraft:furnace":2,"minecraft:iron_boots":3,"minecraft:egg":9,"minecraft:golden_helmet":1,"minecraft:stick":21,"minecraft:raw_iron":121,"minecraft:composter":2,"minecraft:oak_fence":2,"minecraft:torch":64,"minecraft:acacia_log":32,"minecraft:porkchop":1,"minecraft:pointed_dripstone":68,"minecraft:diorite":13,"minecraft:carrot":38,"minecraft:orange_bed":1,"minecraft:stone_sword":4,"minecraft:arrow":33,"minecraft:rotten_flesh":57,"minecraft:beetroot_seeds":7,"minecraft:hay_block":33,"minecraft:glow_berries":3,"minecraft:white_wool":4,"minecraft:cobblestone":154,"minecraft:feather":5,"minecraft:cooked_beef":2,"minecraft:glow_ink_sac":3,"minecraft:water_bucket":1,"minecraft:andesite":6,"minecraft:filled_map":2,"minecraft:flint":3,"minecraft:tuff":19,"minecraft:yellow_bed":2,"minecraft:gunpowder":3,"minecraft:paper":2,"minecraft:lapis_lazuli":103,"minecraft:dirt":135,"minecraft:cooked_mutton":10,"minecraft:coast_armor_trim_smithing_template":2,"minecraft:bone":25,"minecraft:acacia_planks":120,"minecraft:wheat_seeds":98,"minecraft:raw_gold":47,"minecraft:bell":2,"minecraft:stone_pickaxe":6,"minecraft:cooked_chicken":1,"minecraft:moss_block":3,"minecraft:stone_hoe":1,"minecraft:iron_sword":1,"minecraft:oak_planks":82,"minecraft:cooked_porkchop":28,"minecraft:pumpkin":11,"minecraft:poisonous_potato":2,"minecraft:dripstone_block":14,"minecraft:gravel":6,"minecraft:lava_bucket":1,"minecraft:amethyst_shard":12,"minecraft:white_bed":5,"minecraft:spider_eye":3,"minecraft:diamond":10,"minecraft:stone_axe":4,"minecraft:iron_helmet":2,"minecraft:granite":3,"minecraft:golden_apple":1,"minecraft:bread":54,"minecraft:coal":209,"minecraft:ender_pearl":1},"minecraft:crafted":{"minecraft:furnace":3,"minecraft:iron_boots":2,"minecraft:stone_pickaxe":2,"minecraft:chest":3,"minecraft:wheat":72,"minecraft:crafting_table":3,"minecraft:acacia_slab":6,"minecraft:wooden_pickaxe":1,"minecraft:iron_helmet":3,"minecraft:iron_sword":2,"minecraft:bucket":1,"minecraft:stone_axe":3,"minecraft:bread":24,"minecraft:air":0,"minecraft:iron_chestplate":3,"minecraft:charcoal":4,"minecraft:shield":4,"minecraft:stick":104,"minecraft:iron_ingot":104,"minecraft:iron_pickaxe":3,"minecraft:iron_leggings":3,"minecraft:acacia_door":3,"minecraft:gold_ingot":3,"minecraft:acacia_planks":140,"minecraft:torch":368},"minecraft:custom":{"minecraft:mob_kills":86,"minecraft:interact_with_crafting_table":56,"minecraft:bell_ring":43,"minecraft:leave_game":4,"minecraft:time_since_death":12527,"minecraft:sprint_one_cm":370926,"minecraft:walk_one_cm":947011,"minecraft:damage_blocked_by_shield":7515,"minecraft:drop":42,"minecraft:talked_to_villager":6,"minecraft:play_time":227239,"minecraft:sneak_time":14721,"minecraft:deaths":8,"minecraft:walk_under_water_one_cm":129177,"minecraft:jump":3234,"minecraft:walk_on_water_one_cm":51531,"minecraft:total_world_time":227239,"minecraft:interact_with_furnace":118,"minecraft:sleep_in_bed":4,"minecraft:time_since_rest":11141,"minecraft:damage_taken":4127,"minecraft:damage_dealt":13605,"minecraft:player_kills":1,"minecraft:swim_one_cm":69239,"minecraft:fly_one_cm":548385,"minecraft:open_chest":78,"minecraft:crouch_one_cm":34632,"minecraft:fall_one_cm":63662},"minecraft:killed_by":{"minecraft:player":1,"minecraft:skeleton":5,"minecraft:zombie":1},"minecraft:mined":{"minecraft:tuff":7,"minecraft:white_bed":5,"minecraft:deepslate_diamond_ore":9,"minecraft:acacia_log":30,"minecraft:grass_block":27,"minecraft:composter":2,"minecraft:oxeye_daisy":1,"minecraft:hay_block":34,"minecraft:tall_seagrass":1,"minecraft:furnace":2,"minecraft:carrots":11,"minecraft:iron_ore":54,"minecraft:cobbled_deepslate":2,"minecraft:fire":20,"minecraft:andesite":4,"minecraft:pumpkin":13,"minecraft:deepslate_lapis_ore":4,"minecraft:bell":1,"minecraft:pointed_dripstone":13,"minecraft:deepslate_iron_ore":21,"minecraft:stone":84,"minecraft:orange_bed":1,"minecraft:acacia_leaves":3,"minecraft:kelp_plant":5,"minecraft:amethyst_cluster":2,"minecraft:oak_fence":2,"minecraft:crafting_table":6,"minecraft:torch":4,"minecraft:calcite":6,"minecraft:poppy":2,"minecraft:tall_grass":77,"minecraft:deepslate_gold_ore":22,"minecraft:oak_planks":71,"minecraft:sugar_cane":3,"minecraft:diorite":2,"minecraft:wall_torch":3,"minecraft:amethyst_block":2,"minecraft:seagrass":2,"minecraft:wheat":21,"minecraft:yellow_bed":2,"minecraft:grass":603,"minecraft:coal_ore":83,"minecraft:beetroots":1,"minecraft:dripstone_block":7,"minecraft:gravel":10,"minecraft:acacia_door":6,"minecraft:dirt":31,"minecraft:cobweb":32,"minecraft:deepslate":60},"minecraft:killed":{"minecraft:cave_spider":3,"minecraft:spider":7,"minecraft:skeleton":17,"minecraft:chicken":1,"minecraft:drowned":1,"minecraft:pig":4,"minecraft:creeper":2,"minecraft:sheep":4,"minecraft:zombie":39,"minecraft:enderman":1,"minecraft:cow":1}},"DataVersion":3465}